workerid	rt	impatient	word	response	number	language	enjoyment	gender	age	comments	assess	education	OS	screenH	screenW	Browser	hitid	hittypeid	title	description	keywords	reward	creationtime	assignments	numavailable	numpending	numcomplete	hitstatus	reviewstatus	annotation	assignmentduration	autoapprovaldelay	hitlifetime	viewhit	assignmentid	workerid	assignmentstatus	autoapprovaltime	assignmentaccepttime	assignmentsubmittime	assignmentapprovaltime	assignmentrejecttime	deadline	feedback	reject	Answer.catch_trials	Answer.condition	Answer.time_in_minutes
0	29961	False	NA	NA	NA	English	2	Female	29		Yes	2	Windows	768	1366	Chrome	3MQY1YVHS3KF3G029EH7O362BKU2BN	33YYKPVHQV27TWFDOAZ5ULY4MPE0U8	A visit to a cousin	a 3 minute experiment where you read a comic and answer questions about it	language research stanford fun cognitive science university adjectives adverbs linguistics	$0.25	Fri Dec 12 09:52:56 PST 2014	20	0	0	20	Reviewable	NotReviewed	1 cond	3600	0	Sun Jan 11 09:52:56 PST 2015	https://requester.mturk.com/mturk/manageHIT?HITId=3MQY1YVHS3KF3G029EH7O362BKU2BN	37FMASSAYCRM1LCYOJ710382J0UIBC	0	Approved	Fri Dec 12 09:54:50 PST 2014	Fri Dec 12 09:53:20 PST 2014	Fri Dec 12 09:54:50 PST 2014	Fri Dec 12 09:56:02 PST 2014					[]	{"target":"insanely","control":"outrageously","questions":[]}	1.4420666666666666
0	11783	NA	1	400	expensive	English	2	Female	29		Yes	2	Windows	768	1366	Chrome	3MQY1YVHS3KF3G029EH7O362BKU2BN	33YYKPVHQV27TWFDOAZ5ULY4MPE0U8	A visit to a cousin	a 3 minute experiment where you read a comic and answer questions about it	language research stanford fun cognitive science university adjectives adverbs linguistics	$0.25	Fri Dec 12 09:52:56 PST 2014	20	0	0	20	Reviewable	NotReviewed	1 cond	3600	0	Sun Jan 11 09:52:56 PST 2015	https://requester.mturk.com/mturk/manageHIT?HITId=3MQY1YVHS3KF3G029EH7O362BKU2BN	37FMASSAYCRM1LCYOJ710382J0UIBC	0	Approved	Fri Dec 12 09:54:50 PST 2014	Fri Dec 12 09:53:20 PST 2014	Fri Dec 12 09:54:50 PST 2014	Fri Dec 12 09:56:02 PST 2014					[]	{"target":"insanely","control":"outrageously","questions":[]}	1.4420666666666666
0	8551	NA	2	500	outrageously	English	2	Female	29		Yes	2	Windows	768	1366	Chrome	3MQY1YVHS3KF3G029EH7O362BKU2BN	33YYKPVHQV27TWFDOAZ5ULY4MPE0U8	A visit to a cousin	a 3 minute experiment where you read a comic and answer questions about it	language research stanford fun cognitive science university adjectives adverbs linguistics	$0.25	Fri Dec 12 09:52:56 PST 2014	20	0	0	20	Reviewable	NotReviewed	1 cond	3600	0	Sun Jan 11 09:52:56 PST 2015	https://requester.mturk.com/mturk/manageHIT?HITId=3MQY1YVHS3KF3G029EH7O362BKU2BN	37FMASSAYCRM1LCYOJ710382J0UIBC	0	Approved	Fri Dec 12 09:54:50 PST 2014	Fri Dec 12 09:53:20 PST 2014	Fri Dec 12 09:54:50 PST 2014	Fri Dec 12 09:56:02 PST 2014					[]	{"target":"insanely","control":"outrageously","questions":[]}	1.4420666666666666
0	8424	NA	3	300	insanely	English	2	Female	29		Yes	2	Windows	768	1366	Chrome	3MQY1YVHS3KF3G029EH7O362BKU2BN	33YYKPVHQV27TWFDOAZ5ULY4MPE0U8	A visit to a cousin	a 3 minute experiment where you read a comic and answer questions about it	language research stanford fun cognitive science university adjectives adverbs linguistics	$0.25	Fri Dec 12 09:52:56 PST 2014	20	0	0	20	Reviewable	NotReviewed	1 cond	3600	0	Sun Jan 11 09:52:56 PST 2015	https://requester.mturk.com/mturk/manageHIT?HITId=3MQY1YVHS3KF3G029EH7O362BKU2BN	37FMASSAYCRM1LCYOJ710382J0UIBC	0	Approved	Fri Dec 12 09:54:50 PST 2014	Fri Dec 12 09:53:20 PST 2014	Fri Dec 12 09:54:50 PST 2014	Fri Dec 12 09:56:02 PST 2014					[]	{"target":"insanely","control":"outrageously","questions":[]}	1.4420666666666666
1	29610	False	NA	NA	NA	English	1	Female	25		No	3	Windows	1080	1920	Chrome	3MQY1YVHS3KF3G029EH7O362BKU2BN	33YYKPVHQV27TWFDOAZ5ULY4MPE0U8	A visit to a cousin	a 3 minute experiment where you read a comic and answer questions about it	language research stanford fun cognitive science university adjectives adverbs linguistics	$0.25	Fri Dec 12 09:52:56 PST 2014	20	0	0	20	Reviewable	NotReviewed	1 cond	3600	0	Sun Jan 11 09:52:56 PST 2015	https://requester.mturk.com/mturk/manageHIT?HITId=3MQY1YVHS3KF3G029EH7O362BKU2BN	3GNCZX450IN9ZXUAV0XPEPP8NW4APL	1	Approved	Fri Dec 12 09:55:10 PST 2014	Fri Dec 12 09:53:52 PST 2014	Fri Dec 12 09:55:10 PST 2014	Fri Dec 12 09:57:07 PST 2014					[]	{"target":"insanely","control":"outrageously","questions":[]}	1.25605
1	11115	NA	1	1000	expensive	English	1	Female	25		No	3	Windows	1080	1920	Chrome	3MQY1YVHS3KF3G029EH7O362BKU2BN	33YYKPVHQV27TWFDOAZ5ULY4MPE0U8	A visit to a cousin	a 3 minute experiment where you read a comic and answer questions about it	language research stanford fun cognitive science university adjectives adverbs linguistics	$0.25	Fri Dec 12 09:52:56 PST 2014	20	0	0	20	Reviewable	NotReviewed	1 cond	3600	0	Sun Jan 11 09:52:56 PST 2015	https://requester.mturk.com/mturk/manageHIT?HITId=3MQY1YVHS3KF3G029EH7O362BKU2BN	3GNCZX450IN9ZXUAV0XPEPP8NW4APL	1	Approved	Fri Dec 12 09:55:10 PST 2014	Fri Dec 12 09:53:52 PST 2014	Fri Dec 12 09:55:10 PST 2014	Fri Dec 12 09:57:07 PST 2014					[]	{"target":"insanely","control":"outrageously","questions":[]}	1.25605
1	7358	NA	2	1500	outrageously	English	1	Female	25		No	3	Windows	1080	1920	Chrome	3MQY1YVHS3KF3G029EH7O362BKU2BN	33YYKPVHQV27TWFDOAZ5ULY4MPE0U8	A visit to a cousin	a 3 minute experiment where you read a comic and answer questions about it	language research stanford fun cognitive science university adjectives adverbs linguistics	$0.25	Fri Dec 12 09:52:56 PST 2014	20	0	0	20	Reviewable	NotReviewed	1 cond	3600	0	Sun Jan 11 09:52:56 PST 2015	https://requester.mturk.com/mturk/manageHIT?HITId=3MQY1YVHS3KF3G029EH7O362BKU2BN	3GNCZX450IN9ZXUAV0XPEPP8NW4APL	1	Approved	Fri Dec 12 09:55:10 PST 2014	Fri Dec 12 09:53:52 PST 2014	Fri Dec 12 09:55:10 PST 2014	Fri Dec 12 09:57:07 PST 2014					[]	{"target":"insanely","control":"outrageously","questions":[]}	1.25605
1	4868	NA	3	2500	insanely	English	1	Female	25		No	3	Windows	1080	1920	Chrome	3MQY1YVHS3KF3G029EH7O362BKU2BN	33YYKPVHQV27TWFDOAZ5ULY4MPE0U8	A visit to a cousin	a 3 minute experiment where you read a comic and answer questions about it	language research stanford fun cognitive science university adjectives adverbs linguistics	$0.25	Fri Dec 12 09:52:56 PST 2014	20	0	0	20	Reviewable	NotReviewed	1 cond	3600	0	Sun Jan 11 09:52:56 PST 2015	https://requester.mturk.com/mturk/manageHIT?HITId=3MQY1YVHS3KF3G029EH7O362BKU2BN	3GNCZX450IN9ZXUAV0XPEPP8NW4APL	1	Approved	Fri Dec 12 09:55:10 PST 2014	Fri Dec 12 09:53:52 PST 2014	Fri Dec 12 09:55:10 PST 2014	Fri Dec 12 09:57:07 PST 2014					[]	{"target":"insanely","control":"outrageously","questions":[]}	1.25605
2	32924	False	NA	NA	NA	English	2	Male	24		Yes	3	Windows	1080	1920	Chrome	3MQY1YVHS3KF3G029EH7O362BKU2BN	33YYKPVHQV27TWFDOAZ5ULY4MPE0U8	A visit to a cousin	a 3 minute experiment where you read a comic and answer questions about it	language research stanford fun cognitive science university adjectives adverbs linguistics	$0.25	Fri Dec 12 09:52:56 PST 2014	20	0	0	20	Reviewable	NotReviewed	1 cond	3600	0	Sun Jan 11 09:52:56 PST 2015	https://requester.mturk.com/mturk/manageHIT?HITId=3MQY1YVHS3KF3G029EH7O362BKU2BN	3IOEN3P9S7J5V3Z5KL5NXO5OOX916J	2	Approved	Fri Dec 12 09:55:10 PST 2014	Fri Dec 12 09:53:55 PST 2014	Fri Dec 12 09:55:10 PST 2014	Fri Dec 12 09:57:43 PST 2014					[]	{"target":"outrageously","control":"insanely","questions":[]}	1.217
2	8064	NA	1	2000	insanely	English	2	Male	24		Yes	3	Windows	1080	1920	Chrome	3MQY1YVHS3KF3G029EH7O362BKU2BN	33YYKPVHQV27TWFDOAZ5ULY4MPE0U8	A visit to a cousin	a 3 minute experiment where you read a comic and answer questions about it	language research stanford fun cognitive science university adjectives adverbs linguistics	$0.25	Fri Dec 12 09:52:56 PST 2014	20	0	0	20	Reviewable	NotReviewed	1 cond	3600	0	Sun Jan 11 09:52:56 PST 2015	https://requester.mturk.com/mturk/manageHIT?HITId=3MQY1YVHS3KF3G029EH7O362BKU2BN	3IOEN3P9S7J5V3Z5KL5NXO5OOX916J	2	Approved	Fri Dec 12 09:55:10 PST 2014	Fri Dec 12 09:53:55 PST 2014	Fri Dec 12 09:55:10 PST 2014	Fri Dec 12 09:57:43 PST 2014					[]	{"target":"outrageously","control":"insanely","questions":[]}	1.217
2	7463	NA	2	2500	outrageously	English	2	Male	24		Yes	3	Windows	1080	1920	Chrome	3MQY1YVHS3KF3G029EH7O362BKU2BN	33YYKPVHQV27TWFDOAZ5ULY4MPE0U8	A visit to a cousin	a 3 minute experiment where you read a comic and answer questions about it	language research stanford fun cognitive science university adjectives adverbs linguistics	$0.25	Fri Dec 12 09:52:56 PST 2014	20	0	0	20	Reviewable	NotReviewed	1 cond	3600	0	Sun Jan 11 09:52:56 PST 2015	https://requester.mturk.com/mturk/manageHIT?HITId=3MQY1YVHS3KF3G029EH7O362BKU2BN	3IOEN3P9S7J5V3Z5KL5NXO5OOX916J	2	Approved	Fri Dec 12 09:55:10 PST 2014	Fri Dec 12 09:53:55 PST 2014	Fri Dec 12 09:55:10 PST 2014	Fri Dec 12 09:57:43 PST 2014					[]	{"target":"outrageously","control":"insanely","questions":[]}	1.217
2	7248	NA	3	1500	expensive	English	2	Male	24		Yes	3	Windows	1080	1920	Chrome	3MQY1YVHS3KF3G029EH7O362BKU2BN	33YYKPVHQV27TWFDOAZ5ULY4MPE0U8	A visit to a cousin	a 3 minute experiment where you read a comic and answer questions about it	language research stanford fun cognitive science university adjectives adverbs linguistics	$0.25	Fri Dec 12 09:52:56 PST 2014	20	0	0	20	Reviewable	NotReviewed	1 cond	3600	0	Sun Jan 11 09:52:56 PST 2015	https://requester.mturk.com/mturk/manageHIT?HITId=3MQY1YVHS3KF3G029EH7O362BKU2BN	3IOEN3P9S7J5V3Z5KL5NXO5OOX916J	2	Approved	Fri Dec 12 09:55:10 PST 2014	Fri Dec 12 09:53:55 PST 2014	Fri Dec 12 09:55:10 PST 2014	Fri Dec 12 09:57:43 PST 2014					[]	{"target":"outrageously","control":"insanely","questions":[]}	1.217
3	29835	False	NA	NA	NA	English	2	Male	26		Yes	3	Mac	900	1440	Chrome	3MQY1YVHS3KF3G029EH7O362BKU2BN	33YYKPVHQV27TWFDOAZ5ULY4MPE0U8	A visit to a cousin	a 3 minute experiment where you read a comic and answer questions about it	language research stanford fun cognitive science university adjectives adverbs linguistics	$0.25	Fri Dec 12 09:52:56 PST 2014	20	0	0	20	Reviewable	NotReviewed	1 cond	3600	0	Sun Jan 11 09:52:56 PST 2015	https://requester.mturk.com/mturk/manageHIT?HITId=3MQY1YVHS3KF3G029EH7O362BKU2BN	3Q5C1WP23M19CZZRF2VI5IROS2Y153	3	Approved	Fri Dec 12 09:55:41 PST 2014	Fri Dec 12 09:53:49 PST 2014	Fri Dec 12 09:55:41 PST 2014	Fri Dec 12 09:56:33 PST 2014					[]	{"target":"outrageously","control":"insanely","questions":[]}	1.8044
3	7058	NA	1	600	insanely	English	2	Male	26		Yes	3	Mac	900	1440	Chrome	3MQY1YVHS3KF3G029EH7O362BKU2BN	33YYKPVHQV27TWFDOAZ5ULY4MPE0U8	A visit to a cousin	a 3 minute experiment where you read a comic and answer questions about it	language research stanford fun cognitive science university adjectives adverbs linguistics	$0.25	Fri Dec 12 09:52:56 PST 2014	20	0	0	20	Reviewable	NotReviewed	1 cond	3600	0	Sun Jan 11 09:52:56 PST 2015	https://requester.mturk.com/mturk/manageHIT?HITId=3MQY1YVHS3KF3G029EH7O362BKU2BN	3Q5C1WP23M19CZZRF2VI5IROS2Y153	3	Approved	Fri Dec 12 09:55:41 PST 2014	Fri Dec 12 09:53:49 PST 2014	Fri Dec 12 09:55:41 PST 2014	Fri Dec 12 09:56:33 PST 2014					[]	{"target":"outrageously","control":"insanely","questions":[]}	1.8044
3	8257	NA	2	700	outrageously	English	2	Male	26		Yes	3	Mac	900	1440	Chrome	3MQY1YVHS3KF3G029EH7O362BKU2BN	33YYKPVHQV27TWFDOAZ5ULY4MPE0U8	A visit to a cousin	a 3 minute experiment where you read a comic and answer questions about it	language research stanford fun cognitive science university adjectives adverbs linguistics	$0.25	Fri Dec 12 09:52:56 PST 2014	20	0	0	20	Reviewable	NotReviewed	1 cond	3600	0	Sun Jan 11 09:52:56 PST 2015	https://requester.mturk.com/mturk/manageHIT?HITId=3MQY1YVHS3KF3G029EH7O362BKU2BN	3Q5C1WP23M19CZZRF2VI5IROS2Y153	3	Approved	Fri Dec 12 09:55:41 PST 2014	Fri Dec 12 09:53:49 PST 2014	Fri Dec 12 09:55:41 PST 2014	Fri Dec 12 09:56:33 PST 2014					[]	{"target":"outrageously","control":"insanely","questions":[]}	1.8044
3	19985	NA	3	400	expensive	English	2	Male	26		Yes	3	Mac	900	1440	Chrome	3MQY1YVHS3KF3G029EH7O362BKU2BN	33YYKPVHQV27TWFDOAZ5ULY4MPE0U8	A visit to a cousin	a 3 minute experiment where you read a comic and answer questions about it	language research stanford fun cognitive science university adjectives adverbs linguistics	$0.25	Fri Dec 12 09:52:56 PST 2014	20	0	0	20	Reviewable	NotReviewed	1 cond	3600	0	Sun Jan 11 09:52:56 PST 2015	https://requester.mturk.com/mturk/manageHIT?HITId=3MQY1YVHS3KF3G029EH7O362BKU2BN	3Q5C1WP23M19CZZRF2VI5IROS2Y153	3	Approved	Fri Dec 12 09:55:41 PST 2014	Fri Dec 12 09:53:49 PST 2014	Fri Dec 12 09:55:41 PST 2014	Fri Dec 12 09:56:33 PST 2014					[]	{"target":"outrageously","control":"insanely","questions":[]}	1.8044
4	26051	False	NA	NA	NA	English	1	Male	22		Yes	1	Windows	768	1366	Firefox	3MQY1YVHS3KF3G029EH7O362BKU2BN	33YYKPVHQV27TWFDOAZ5ULY4MPE0U8	A visit to a cousin	a 3 minute experiment where you read a comic and answer questions about it	language research stanford fun cognitive science university adjectives adverbs linguistics	$0.25	Fri Dec 12 09:52:56 PST 2014	20	0	0	20	Reviewable	NotReviewed	1 cond	3600	0	Sun Jan 11 09:52:56 PST 2015	https://requester.mturk.com/mturk/manageHIT?HITId=3MQY1YVHS3KF3G029EH7O362BKU2BN	3QRYMNZ7FYHEB8H6LLBE55A5B6ONTN	4	Approved	Fri Dec 12 09:55:54 PST 2014	Fri Dec 12 09:53:46 PST 2014	Fri Dec 12 09:55:54 PST 2014	Fri Dec 12 09:57:07 PST 2014					[]	{"target":"outrageously","control":"insanely","questions":[]}	1.8279833333333333
4	9632	NA	1	600	outrageously	English	1	Male	22		Yes	1	Windows	768	1366	Firefox	3MQY1YVHS3KF3G029EH7O362BKU2BN	33YYKPVHQV27TWFDOAZ5ULY4MPE0U8	A visit to a cousin	a 3 minute experiment where you read a comic and answer questions about it	language research stanford fun cognitive science university adjectives adverbs linguistics	$0.25	Fri Dec 12 09:52:56 PST 2014	20	0	0	20	Reviewable	NotReviewed	1 cond	3600	0	Sun Jan 11 09:52:56 PST 2015	https://requester.mturk.com/mturk/manageHIT?HITId=3MQY1YVHS3KF3G029EH7O362BKU2BN	3QRYMNZ7FYHEB8H6LLBE55A5B6ONTN	4	Approved	Fri Dec 12 09:55:54 PST 2014	Fri Dec 12 09:53:46 PST 2014	Fri Dec 12 09:55:54 PST 2014	Fri Dec 12 09:57:07 PST 2014					[]	{"target":"outrageously","control":"insanely","questions":[]}	1.8279833333333333
4	10959	NA	2	800	insanely	English	1	Male	22		Yes	1	Windows	768	1366	Firefox	3MQY1YVHS3KF3G029EH7O362BKU2BN	33YYKPVHQV27TWFDOAZ5ULY4MPE0U8	A visit to a cousin	a 3 minute experiment where you read a comic and answer questions about it	language research stanford fun cognitive science university adjectives adverbs linguistics	$0.25	Fri Dec 12 09:52:56 PST 2014	20	0	0	20	Reviewable	NotReviewed	1 cond	3600	0	Sun Jan 11 09:52:56 PST 2015	https://requester.mturk.com/mturk/manageHIT?HITId=3MQY1YVHS3KF3G029EH7O362BKU2BN	3QRYMNZ7FYHEB8H6LLBE55A5B6ONTN	4	Approved	Fri Dec 12 09:55:54 PST 2014	Fri Dec 12 09:53:46 PST 2014	Fri Dec 12 09:55:54 PST 2014	Fri Dec 12 09:57:07 PST 2014					[]	{"target":"outrageously","control":"insanely","questions":[]}	1.8279833333333333
4	9870	NA	3	500	expensive	English	1	Male	22		Yes	1	Windows	768	1366	Firefox	3MQY1YVHS3KF3G029EH7O362BKU2BN	33YYKPVHQV27TWFDOAZ5ULY4MPE0U8	A visit to a cousin	a 3 minute experiment where you read a comic and answer questions about it	language research stanford fun cognitive science university adjectives adverbs linguistics	$0.25	Fri Dec 12 09:52:56 PST 2014	20	0	0	20	Reviewable	NotReviewed	1 cond	3600	0	Sun Jan 11 09:52:56 PST 2015	https://requester.mturk.com/mturk/manageHIT?HITId=3MQY1YVHS3KF3G029EH7O362BKU2BN	3QRYMNZ7FYHEB8H6LLBE55A5B6ONTN	4	Approved	Fri Dec 12 09:55:54 PST 2014	Fri Dec 12 09:53:46 PST 2014	Fri Dec 12 09:55:54 PST 2014	Fri Dec 12 09:57:07 PST 2014					[]	{"target":"outrageously","control":"insanely","questions":[]}	1.8279833333333333
5	34380	False	NA	NA	NA	English	2	Female	27	The cousin sure liked the word "outrageously"!	Yes	3	Mac	800	1280	Chrome	3MQY1YVHS3KF3G029EH7O362BKU2BN	33YYKPVHQV27TWFDOAZ5ULY4MPE0U8	A visit to a cousin	a 3 minute experiment where you read a comic and answer questions about it	language research stanford fun cognitive science university adjectives adverbs linguistics	$0.25	Fri Dec 12 09:52:56 PST 2014	20	0	0	20	Reviewable	NotReviewed	1 cond	3600	0	Sun Jan 11 09:52:56 PST 2015	https://requester.mturk.com/mturk/manageHIT?HITId=3MQY1YVHS3KF3G029EH7O362BKU2BN	3PDJHANYK5GGZEKJMA88PBLV5M56HN	5	Approved	Fri Dec 12 09:56:04 PST 2014	Fri Dec 12 09:53:44 PST 2014	Fri Dec 12 09:56:04 PST 2014	Fri Dec 12 09:57:08 PST 2014					[]	{"target":"outrageously","control":"insanely","questions":[]}	2.3007166666666667
5	10559	NA	1	2000	outrageously	English	2	Female	27	The cousin sure liked the word "outrageously"!	Yes	3	Mac	800	1280	Chrome	3MQY1YVHS3KF3G029EH7O362BKU2BN	33YYKPVHQV27TWFDOAZ5ULY4MPE0U8	A visit to a cousin	a 3 minute experiment where you read a comic and answer questions about it	language research stanford fun cognitive science university adjectives adverbs linguistics	$0.25	Fri Dec 12 09:52:56 PST 2014	20	0	0	20	Reviewable	NotReviewed	1 cond	3600	0	Sun Jan 11 09:52:56 PST 2015	https://requester.mturk.com/mturk/manageHIT?HITId=3MQY1YVHS3KF3G029EH7O362BKU2BN	3PDJHANYK5GGZEKJMA88PBLV5M56HN	5	Approved	Fri Dec 12 09:56:04 PST 2014	Fri Dec 12 09:53:44 PST 2014	Fri Dec 12 09:56:04 PST 2014	Fri Dec 12 09:57:08 PST 2014					[]	{"target":"outrageously","control":"insanely","questions":[]}	2.3007166666666667
5	9959	NA	2	2500	insanely	English	2	Female	27	The cousin sure liked the word "outrageously"!	Yes	3	Mac	800	1280	Chrome	3MQY1YVHS3KF3G029EH7O362BKU2BN	33YYKPVHQV27TWFDOAZ5ULY4MPE0U8	A visit to a cousin	a 3 minute experiment where you read a comic and answer questions about it	language research stanford fun cognitive science university adjectives adverbs linguistics	$0.25	Fri Dec 12 09:52:56 PST 2014	20	0	0	20	Reviewable	NotReviewed	1 cond	3600	0	Sun Jan 11 09:52:56 PST 2015	https://requester.mturk.com/mturk/manageHIT?HITId=3MQY1YVHS3KF3G029EH7O362BKU2BN	3PDJHANYK5GGZEKJMA88PBLV5M56HN	5	Approved	Fri Dec 12 09:56:04 PST 2014	Fri Dec 12 09:53:44 PST 2014	Fri Dec 12 09:56:04 PST 2014	Fri Dec 12 09:57:08 PST 2014					[]	{"target":"outrageously","control":"insanely","questions":[]}	2.3007166666666667
5	7695	NA	3	1600	expensive	English	2	Female	27	The cousin sure liked the word "outrageously"!	Yes	3	Mac	800	1280	Chrome	3MQY1YVHS3KF3G029EH7O362BKU2BN	33YYKPVHQV27TWFDOAZ5ULY4MPE0U8	A visit to a cousin	a 3 minute experiment where you read a comic and answer questions about it	language research stanford fun cognitive science university adjectives adverbs linguistics	$0.25	Fri Dec 12 09:52:56 PST 2014	20	0	0	20	Reviewable	NotReviewed	1 cond	3600	0	Sun Jan 11 09:52:56 PST 2015	https://requester.mturk.com/mturk/manageHIT?HITId=3MQY1YVHS3KF3G029EH7O362BKU2BN	3PDJHANYK5GGZEKJMA88PBLV5M56HN	5	Approved	Fri Dec 12 09:56:04 PST 2014	Fri Dec 12 09:53:44 PST 2014	Fri Dec 12 09:56:04 PST 2014	Fri Dec 12 09:57:08 PST 2014					[]	{"target":"outrageously","control":"insanely","questions":[]}	2.3007166666666667
6	48780	False	NA	NA	NA	English	1	Male	50	Fun, but not insanely fun.	Yes	1	Windows	1080	1920	Chrome	3MQY1YVHS3KF3G029EH7O362BKU2BN	33YYKPVHQV27TWFDOAZ5ULY4MPE0U8	A visit to a cousin	a 3 minute experiment where you read a comic and answer questions about it	language research stanford fun cognitive science university adjectives adverbs linguistics	$0.25	Fri Dec 12 09:52:56 PST 2014	20	0	0	20	Reviewable	NotReviewed	1 cond	3600	0	Sun Jan 11 09:52:56 PST 2015	https://requester.mturk.com/mturk/manageHIT?HITId=3MQY1YVHS3KF3G029EH7O362BKU2BN	3DHE4R9OCWBEHH67F2ENEYSIAHP2G2	6	Approved	Fri Dec 12 09:56:30 PST 2014	Fri Dec 12 09:53:28 PST 2014	Fri Dec 12 09:56:30 PST 2014	Fri Dec 12 09:57:25 PST 2014					[]	{"target":"insanely","control":"outrageously","questions":[]}	2.990666666666667
6	21869	NA	1	750	expensive	English	1	Male	50	Fun, but not insanely fun.	Yes	1	Windows	1080	1920	Chrome	3MQY1YVHS3KF3G029EH7O362BKU2BN	33YYKPVHQV27TWFDOAZ5ULY4MPE0U8	A visit to a cousin	a 3 minute experiment where you read a comic and answer questions about it	language research stanford fun cognitive science university adjectives adverbs linguistics	$0.25	Fri Dec 12 09:52:56 PST 2014	20	0	0	20	Reviewable	NotReviewed	1 cond	3600	0	Sun Jan 11 09:52:56 PST 2015	https://requester.mturk.com/mturk/manageHIT?HITId=3MQY1YVHS3KF3G029EH7O362BKU2BN	3DHE4R9OCWBEHH67F2ENEYSIAHP2G2	6	Approved	Fri Dec 12 09:56:30 PST 2014	Fri Dec 12 09:53:28 PST 2014	Fri Dec 12 09:56:30 PST 2014	Fri Dec 12 09:57:25 PST 2014					[]	{"target":"insanely","control":"outrageously","questions":[]}	2.990666666666667
6	11378	NA	2	1500	insanely	English	1	Male	50	Fun, but not insanely fun.	Yes	1	Windows	1080	1920	Chrome	3MQY1YVHS3KF3G029EH7O362BKU2BN	33YYKPVHQV27TWFDOAZ5ULY4MPE0U8	A visit to a cousin	a 3 minute experiment where you read a comic and answer questions about it	language research stanford fun cognitive science university adjectives adverbs linguistics	$0.25	Fri Dec 12 09:52:56 PST 2014	20	0	0	20	Reviewable	NotReviewed	1 cond	3600	0	Sun Jan 11 09:52:56 PST 2015	https://requester.mturk.com/mturk/manageHIT?HITId=3MQY1YVHS3KF3G029EH7O362BKU2BN	3DHE4R9OCWBEHH67F2ENEYSIAHP2G2	6	Approved	Fri Dec 12 09:56:30 PST 2014	Fri Dec 12 09:53:28 PST 2014	Fri Dec 12 09:56:30 PST 2014	Fri Dec 12 09:57:25 PST 2014					[]	{"target":"insanely","control":"outrageously","questions":[]}	2.990666666666667
6	10354	NA	3	2000	outrageously	English	1	Male	50	Fun, but not insanely fun.	Yes	1	Windows	1080	1920	Chrome	3MQY1YVHS3KF3G029EH7O362BKU2BN	33YYKPVHQV27TWFDOAZ5ULY4MPE0U8	A visit to a cousin	a 3 minute experiment where you read a comic and answer questions about it	language research stanford fun cognitive science university adjectives adverbs linguistics	$0.25	Fri Dec 12 09:52:56 PST 2014	20	0	0	20	Reviewable	NotReviewed	1 cond	3600	0	Sun Jan 11 09:52:56 PST 2015	https://requester.mturk.com/mturk/manageHIT?HITId=3MQY1YVHS3KF3G029EH7O362BKU2BN	3DHE4R9OCWBEHH67F2ENEYSIAHP2G2	6	Approved	Fri Dec 12 09:56:30 PST 2014	Fri Dec 12 09:53:28 PST 2014	Fri Dec 12 09:56:30 PST 2014	Fri Dec 12 09:57:25 PST 2014					[]	{"target":"insanely","control":"outrageously","questions":[]}	2.990666666666667
7	26897	False	NA	NA	NA	English	2	Male	31	This HIT was insanely quick and fun	Yes	2	Windows	990	1760	Firefox	3MQY1YVHS3KF3G029EH7O362BKU2BN	33YYKPVHQV27TWFDOAZ5ULY4MPE0U8	A visit to a cousin	a 3 minute experiment where you read a comic and answer questions about it	language research stanford fun cognitive science university adjectives adverbs linguistics	$0.25	Fri Dec 12 09:52:56 PST 2014	20	0	0	20	Reviewable	NotReviewed	1 cond	3600	0	Sun Jan 11 09:52:56 PST 2015	https://requester.mturk.com/mturk/manageHIT?HITId=3MQY1YVHS3KF3G029EH7O362BKU2BN	3FTYUGLFSUL34UF3VVFD6KSXHZ05DW	7	Approved	Fri Dec 12 09:56:36 PST 2014	Fri Dec 12 09:53:37 PST 2014	Fri Dec 12 09:56:36 PST 2014	Fri Dec 12 09:57:25 PST 2014					[]	{"target":"insanely","control":"outrageously","questions":[]}	2.930266666666667
7	15187	NA	1	900	insanely	English	2	Male	31	This HIT was insanely quick and fun	Yes	2	Windows	990	1760	Firefox	3MQY1YVHS3KF3G029EH7O362BKU2BN	33YYKPVHQV27TWFDOAZ5ULY4MPE0U8	A visit to a cousin	a 3 minute experiment where you read a comic and answer questions about it	language research stanford fun cognitive science university adjectives adverbs linguistics	$0.25	Fri Dec 12 09:52:56 PST 2014	20	0	0	20	Reviewable	NotReviewed	1 cond	3600	0	Sun Jan 11 09:52:56 PST 2015	https://requester.mturk.com/mturk/manageHIT?HITId=3MQY1YVHS3KF3G029EH7O362BKU2BN	3FTYUGLFSUL34UF3VVFD6KSXHZ05DW	7	Approved	Fri Dec 12 09:56:36 PST 2014	Fri Dec 12 09:53:37 PST 2014	Fri Dec 12 09:56:36 PST 2014	Fri Dec 12 09:57:25 PST 2014					[]	{"target":"insanely","control":"outrageously","questions":[]}	2.930266666666667
7	13503	NA	2	600	expensive	English	2	Male	31	This HIT was insanely quick and fun	Yes	2	Windows	990	1760	Firefox	3MQY1YVHS3KF3G029EH7O362BKU2BN	33YYKPVHQV27TWFDOAZ5ULY4MPE0U8	A visit to a cousin	a 3 minute experiment where you read a comic and answer questions about it	language research stanford fun cognitive science university adjectives adverbs linguistics	$0.25	Fri Dec 12 09:52:56 PST 2014	20	0	0	20	Reviewable	NotReviewed	1 cond	3600	0	Sun Jan 11 09:52:56 PST 2015	https://requester.mturk.com/mturk/manageHIT?HITId=3MQY1YVHS3KF3G029EH7O362BKU2BN	3FTYUGLFSUL34UF3VVFD6KSXHZ05DW	7	Approved	Fri Dec 12 09:56:36 PST 2014	Fri Dec 12 09:53:37 PST 2014	Fri Dec 12 09:56:36 PST 2014	Fri Dec 12 09:57:25 PST 2014					[]	{"target":"insanely","control":"outrageously","questions":[]}	2.930266666666667
7	11278	NA	3	750	outrageously	English	2	Male	31	This HIT was insanely quick and fun	Yes	2	Windows	990	1760	Firefox	3MQY1YVHS3KF3G029EH7O362BKU2BN	33YYKPVHQV27TWFDOAZ5ULY4MPE0U8	A visit to a cousin	a 3 minute experiment where you read a comic and answer questions about it	language research stanford fun cognitive science university adjectives adverbs linguistics	$0.25	Fri Dec 12 09:52:56 PST 2014	20	0	0	20	Reviewable	NotReviewed	1 cond	3600	0	Sun Jan 11 09:52:56 PST 2015	https://requester.mturk.com/mturk/manageHIT?HITId=3MQY1YVHS3KF3G029EH7O362BKU2BN	3FTYUGLFSUL34UF3VVFD6KSXHZ05DW	7	Approved	Fri Dec 12 09:56:36 PST 2014	Fri Dec 12 09:53:37 PST 2014	Fri Dec 12 09:56:36 PST 2014	Fri Dec 12 09:57:25 PST 2014					[]	{"target":"insanely","control":"outrageously","questions":[]}	2.930266666666667
8	35176	False	NA	NA	NA	English	2	Male	26	No comments. 	Yes	3	Windows	768	1366	Chrome	3MQY1YVHS3KF3G029EH7O362BKU2BN	33YYKPVHQV27TWFDOAZ5ULY4MPE0U8	A visit to a cousin	a 3 minute experiment where you read a comic and answer questions about it	language research stanford fun cognitive science university adjectives adverbs linguistics	$0.25	Fri Dec 12 09:52:56 PST 2014	20	0	0	20	Reviewable	NotReviewed	1 cond	3600	0	Sun Jan 11 09:52:56 PST 2015	https://requester.mturk.com/mturk/manageHIT?HITId=3MQY1YVHS3KF3G029EH7O362BKU2BN	3YDGXNSEOZU9RGFC0ILNF08I6C948L	8	Approved	Fri Dec 12 09:56:36 PST 2014	Fri Dec 12 09:53:46 PST 2014	Fri Dec 12 09:56:36 PST 2014	Fri Dec 12 09:57:25 PST 2014					[]	{"target":"insanely","control":"outrageously","questions":[]}	2.76645
8	54121	NA	1	800	expensive	English	2	Male	26	No comments. 	Yes	3	Windows	768	1366	Chrome	3MQY1YVHS3KF3G029EH7O362BKU2BN	33YYKPVHQV27TWFDOAZ5ULY4MPE0U8	A visit to a cousin	a 3 minute experiment where you read a comic and answer questions about it	language research stanford fun cognitive science university adjectives adverbs linguistics	$0.25	Fri Dec 12 09:52:56 PST 2014	20	0	0	20	Reviewable	NotReviewed	1 cond	3600	0	Sun Jan 11 09:52:56 PST 2015	https://requester.mturk.com/mturk/manageHIT?HITId=3MQY1YVHS3KF3G029EH7O362BKU2BN	3YDGXNSEOZU9RGFC0ILNF08I6C948L	8	Approved	Fri Dec 12 09:56:36 PST 2014	Fri Dec 12 09:53:46 PST 2014	Fri Dec 12 09:56:36 PST 2014	Fri Dec 12 09:57:25 PST 2014					[]	{"target":"insanely","control":"outrageously","questions":[]}	2.76645
8	8545	NA	2	1000	insanely	English	2	Male	26	No comments. 	Yes	3	Windows	768	1366	Chrome	3MQY1YVHS3KF3G029EH7O362BKU2BN	33YYKPVHQV27TWFDOAZ5ULY4MPE0U8	A visit to a cousin	a 3 minute experiment where you read a comic and answer questions about it	language research stanford fun cognitive science university adjectives adverbs linguistics	$0.25	Fri Dec 12 09:52:56 PST 2014	20	0	0	20	Reviewable	NotReviewed	1 cond	3600	0	Sun Jan 11 09:52:56 PST 2015	https://requester.mturk.com/mturk/manageHIT?HITId=3MQY1YVHS3KF3G029EH7O362BKU2BN	3YDGXNSEOZU9RGFC0ILNF08I6C948L	8	Approved	Fri Dec 12 09:56:36 PST 2014	Fri Dec 12 09:53:46 PST 2014	Fri Dec 12 09:56:36 PST 2014	Fri Dec 12 09:57:25 PST 2014					[]	{"target":"insanely","control":"outrageously","questions":[]}	2.76645
8	6157	NA	3	1200	outrageously	English	2	Male	26	No comments. 	Yes	3	Windows	768	1366	Chrome	3MQY1YVHS3KF3G029EH7O362BKU2BN	33YYKPVHQV27TWFDOAZ5ULY4MPE0U8	A visit to a cousin	a 3 minute experiment where you read a comic and answer questions about it	language research stanford fun cognitive science university adjectives adverbs linguistics	$0.25	Fri Dec 12 09:52:56 PST 2014	20	0	0	20	Reviewable	NotReviewed	1 cond	3600	0	Sun Jan 11 09:52:56 PST 2015	https://requester.mturk.com/mturk/manageHIT?HITId=3MQY1YVHS3KF3G029EH7O362BKU2BN	3YDGXNSEOZU9RGFC0ILNF08I6C948L	8	Approved	Fri Dec 12 09:56:36 PST 2014	Fri Dec 12 09:53:46 PST 2014	Fri Dec 12 09:56:36 PST 2014	Fri Dec 12 09:57:25 PST 2014					[]	{"target":"insanely","control":"outrageously","questions":[]}	2.76645
9	33583	False	NA	NA	NA	english	1	Male	24	Y U No say what laptop co$t?!?1	Yes	2	Linux	800	1280	Firefox	3MQY1YVHS3KF3G029EH7O362BKU2BN	33YYKPVHQV27TWFDOAZ5ULY4MPE0U8	A visit to a cousin	a 3 minute experiment where you read a comic and answer questions about it	language research stanford fun cognitive science university adjectives adverbs linguistics	$0.25	Fri Dec 12 09:52:56 PST 2014	20	0	0	20	Reviewable	NotReviewed	1 cond	3600	0	Sun Jan 11 09:52:56 PST 2015	https://requester.mturk.com/mturk/manageHIT?HITId=3MQY1YVHS3KF3G029EH7O362BKU2BN	3B837J3LDOWYB6WJPSN54KJTAKZSRR	9	Approved	Fri Dec 12 09:57:05 PST 2014	Fri Dec 12 09:53:48 PST 2014	Fri Dec 12 09:57:05 PST 2014	Fri Dec 12 09:57:43 PST 2014					[]	{"target":"insanely","control":"outrageously","questions":[]}	3.2409166666666667
9	31582	NA	1	600	expensive	english	1	Male	24	Y U No say what laptop co$t?!?1	Yes	2	Linux	800	1280	Firefox	3MQY1YVHS3KF3G029EH7O362BKU2BN	33YYKPVHQV27TWFDOAZ5ULY4MPE0U8	A visit to a cousin	a 3 minute experiment where you read a comic and answer questions about it	language research stanford fun cognitive science university adjectives adverbs linguistics	$0.25	Fri Dec 12 09:52:56 PST 2014	20	0	0	20	Reviewable	NotReviewed	1 cond	3600	0	Sun Jan 11 09:52:56 PST 2015	https://requester.mturk.com/mturk/manageHIT?HITId=3MQY1YVHS3KF3G029EH7O362BKU2BN	3B837J3LDOWYB6WJPSN54KJTAKZSRR	9	Approved	Fri Dec 12 09:57:05 PST 2014	Fri Dec 12 09:53:48 PST 2014	Fri Dec 12 09:57:05 PST 2014	Fri Dec 12 09:57:43 PST 2014					[]	{"target":"insanely","control":"outrageously","questions":[]}	3.2409166666666667
9	14417	NA	2	1500	insanely	english	1	Male	24	Y U No say what laptop co$t?!?1	Yes	2	Linux	800	1280	Firefox	3MQY1YVHS3KF3G029EH7O362BKU2BN	33YYKPVHQV27TWFDOAZ5ULY4MPE0U8	A visit to a cousin	a 3 minute experiment where you read a comic and answer questions about it	language research stanford fun cognitive science university adjectives adverbs linguistics	$0.25	Fri Dec 12 09:52:56 PST 2014	20	0	0	20	Reviewable	NotReviewed	1 cond	3600	0	Sun Jan 11 09:52:56 PST 2015	https://requester.mturk.com/mturk/manageHIT?HITId=3MQY1YVHS3KF3G029EH7O362BKU2BN	3B837J3LDOWYB6WJPSN54KJTAKZSRR	9	Approved	Fri Dec 12 09:57:05 PST 2014	Fri Dec 12 09:53:48 PST 2014	Fri Dec 12 09:57:05 PST 2014	Fri Dec 12 09:57:43 PST 2014					[]	{"target":"insanely","control":"outrageously","questions":[]}	3.2409166666666667
9	18263	NA	3	2000	outrageously	english	1	Male	24	Y U No say what laptop co$t?!?1	Yes	2	Linux	800	1280	Firefox	3MQY1YVHS3KF3G029EH7O362BKU2BN	33YYKPVHQV27TWFDOAZ5ULY4MPE0U8	A visit to a cousin	a 3 minute experiment where you read a comic and answer questions about it	language research stanford fun cognitive science university adjectives adverbs linguistics	$0.25	Fri Dec 12 09:52:56 PST 2014	20	0	0	20	Reviewable	NotReviewed	1 cond	3600	0	Sun Jan 11 09:52:56 PST 2015	https://requester.mturk.com/mturk/manageHIT?HITId=3MQY1YVHS3KF3G029EH7O362BKU2BN	3B837J3LDOWYB6WJPSN54KJTAKZSRR	9	Approved	Fri Dec 12 09:57:05 PST 2014	Fri Dec 12 09:53:48 PST 2014	Fri Dec 12 09:57:05 PST 2014	Fri Dec 12 09:57:43 PST 2014					[]	{"target":"insanely","control":"outrageously","questions":[]}	3.2409166666666667
10	149106	False	NA	NA	NA	English	2	Male	27		Yes	3	Windows	1440	2560	Chrome	3MQY1YVHS3KF3G029EH7O362BKU2BN	33YYKPVHQV27TWFDOAZ5ULY4MPE0U8	A visit to a cousin	a 3 minute experiment where you read a comic and answer questions about it	language research stanford fun cognitive science university adjectives adverbs linguistics	$0.25	Fri Dec 12 09:52:56 PST 2014	20	0	0	20	Reviewable	NotReviewed	1 cond	3600	0	Sun Jan 11 09:52:56 PST 2015	https://requester.mturk.com/mturk/manageHIT?HITId=3MQY1YVHS3KF3G029EH7O362BKU2BN	3B2X28YI3WF681HXMIYC30IXA90B6C	10	Approved	Fri Dec 12 09:57:21 PST 2014	Fri Dec 12 09:54:03 PST 2014	Fri Dec 12 09:57:21 PST 2014	Fri Dec 12 09:57:51 PST 2014					[]	{"target":"outrageously","control":"insanely","questions":[]}	3.2515833333333335
10	9252	NA	1	2000	expensive	English	2	Male	27		Yes	3	Windows	1440	2560	Chrome	3MQY1YVHS3KF3G029EH7O362BKU2BN	33YYKPVHQV27TWFDOAZ5ULY4MPE0U8	A visit to a cousin	a 3 minute experiment where you read a comic and answer questions about it	language research stanford fun cognitive science university adjectives adverbs linguistics	$0.25	Fri Dec 12 09:52:56 PST 2014	20	0	0	20	Reviewable	NotReviewed	1 cond	3600	0	Sun Jan 11 09:52:56 PST 2015	https://requester.mturk.com/mturk/manageHIT?HITId=3MQY1YVHS3KF3G029EH7O362BKU2BN	3B2X28YI3WF681HXMIYC30IXA90B6C	10	Approved	Fri Dec 12 09:57:21 PST 2014	Fri Dec 12 09:54:03 PST 2014	Fri Dec 12 09:57:21 PST 2014	Fri Dec 12 09:57:51 PST 2014					[]	{"target":"outrageously","control":"insanely","questions":[]}	3.2515833333333335
10	9098	NA	2	3000	outrageously	English	2	Male	27		Yes	3	Windows	1440	2560	Chrome	3MQY1YVHS3KF3G029EH7O362BKU2BN	33YYKPVHQV27TWFDOAZ5ULY4MPE0U8	A visit to a cousin	a 3 minute experiment where you read a comic and answer questions about it	language research stanford fun cognitive science university adjectives adverbs linguistics	$0.25	Fri Dec 12 09:52:56 PST 2014	20	0	0	20	Reviewable	NotReviewed	1 cond	3600	0	Sun Jan 11 09:52:56 PST 2015	https://requester.mturk.com/mturk/manageHIT?HITId=3MQY1YVHS3KF3G029EH7O362BKU2BN	3B2X28YI3WF681HXMIYC30IXA90B6C	10	Approved	Fri Dec 12 09:57:21 PST 2014	Fri Dec 12 09:54:03 PST 2014	Fri Dec 12 09:57:21 PST 2014	Fri Dec 12 09:57:51 PST 2014					[]	{"target":"outrageously","control":"insanely","questions":[]}	3.2515833333333335
10	4306	NA	3	4000	insanely	English	2	Male	27		Yes	3	Windows	1440	2560	Chrome	3MQY1YVHS3KF3G029EH7O362BKU2BN	33YYKPVHQV27TWFDOAZ5ULY4MPE0U8	A visit to a cousin	a 3 minute experiment where you read a comic and answer questions about it	language research stanford fun cognitive science university adjectives adverbs linguistics	$0.25	Fri Dec 12 09:52:56 PST 2014	20	0	0	20	Reviewable	NotReviewed	1 cond	3600	0	Sun Jan 11 09:52:56 PST 2015	https://requester.mturk.com/mturk/manageHIT?HITId=3MQY1YVHS3KF3G029EH7O362BKU2BN	3B2X28YI3WF681HXMIYC30IXA90B6C	10	Approved	Fri Dec 12 09:57:21 PST 2014	Fri Dec 12 09:54:03 PST 2014	Fri Dec 12 09:57:21 PST 2014	Fri Dec 12 09:57:51 PST 2014					[]	{"target":"outrageously","control":"insanely","questions":[]}	3.2515833333333335
11	45315	False	NA	NA	NA	English	1	Male	35		Yes	1	Mac	900	1600	Chrome	3MQY1YVHS3KF3G029EH7O362BKU2BN	33YYKPVHQV27TWFDOAZ5ULY4MPE0U8	A visit to a cousin	a 3 minute experiment where you read a comic and answer questions about it	language research stanford fun cognitive science university adjectives adverbs linguistics	$0.25	Fri Dec 12 09:52:56 PST 2014	20	0	0	20	Reviewable	NotReviewed	1 cond	3600	0	Sun Jan 11 09:52:56 PST 2015	https://requester.mturk.com/mturk/manageHIT?HITId=3MQY1YVHS3KF3G029EH7O362BKU2BN	33PPO7FECVFFGIAI2FY7VTW2ML6IDJ	11	Approved	Fri Dec 12 09:57:46 PST 2014	Fri Dec 12 09:53:42 PST 2014	Fri Dec 12 09:57:46 PST 2014	Fri Dec 12 09:59:34 PST 2014					[]	{"target":"outrageously","control":"insanely","questions":[]}	1.8218166666666666
11	13505	NA	1	1000	expensive	English	1	Male	35		Yes	1	Mac	900	1600	Chrome	3MQY1YVHS3KF3G029EH7O362BKU2BN	33YYKPVHQV27TWFDOAZ5ULY4MPE0U8	A visit to a cousin	a 3 minute experiment where you read a comic and answer questions about it	language research stanford fun cognitive science university adjectives adverbs linguistics	$0.25	Fri Dec 12 09:52:56 PST 2014	20	0	0	20	Reviewable	NotReviewed	1 cond	3600	0	Sun Jan 11 09:52:56 PST 2015	https://requester.mturk.com/mturk/manageHIT?HITId=3MQY1YVHS3KF3G029EH7O362BKU2BN	33PPO7FECVFFGIAI2FY7VTW2ML6IDJ	11	Approved	Fri Dec 12 09:57:46 PST 2014	Fri Dec 12 09:53:42 PST 2014	Fri Dec 12 09:57:46 PST 2014	Fri Dec 12 09:59:34 PST 2014					[]	{"target":"outrageously","control":"insanely","questions":[]}	1.8218166666666666
11	10600	NA	2	1500	outrageously	English	1	Male	35		Yes	1	Mac	900	1600	Chrome	3MQY1YVHS3KF3G029EH7O362BKU2BN	33YYKPVHQV27TWFDOAZ5ULY4MPE0U8	A visit to a cousin	a 3 minute experiment where you read a comic and answer questions about it	language research stanford fun cognitive science university adjectives adverbs linguistics	$0.25	Fri Dec 12 09:52:56 PST 2014	20	0	0	20	Reviewable	NotReviewed	1 cond	3600	0	Sun Jan 11 09:52:56 PST 2015	https://requester.mturk.com/mturk/manageHIT?HITId=3MQY1YVHS3KF3G029EH7O362BKU2BN	33PPO7FECVFFGIAI2FY7VTW2ML6IDJ	11	Approved	Fri Dec 12 09:57:46 PST 2014	Fri Dec 12 09:53:42 PST 2014	Fri Dec 12 09:57:46 PST 2014	Fri Dec 12 09:59:34 PST 2014					[]	{"target":"outrageously","control":"insanely","questions":[]}	1.8218166666666666
11	10048	NA	3	500	insanely	English	1	Male	35		Yes	1	Mac	900	1600	Chrome	3MQY1YVHS3KF3G029EH7O362BKU2BN	33YYKPVHQV27TWFDOAZ5ULY4MPE0U8	A visit to a cousin	a 3 minute experiment where you read a comic and answer questions about it	language research stanford fun cognitive science university adjectives adverbs linguistics	$0.25	Fri Dec 12 09:52:56 PST 2014	20	0	0	20	Reviewable	NotReviewed	1 cond	3600	0	Sun Jan 11 09:52:56 PST 2015	https://requester.mturk.com/mturk/manageHIT?HITId=3MQY1YVHS3KF3G029EH7O362BKU2BN	33PPO7FECVFFGIAI2FY7VTW2ML6IDJ	11	Approved	Fri Dec 12 09:57:46 PST 2014	Fri Dec 12 09:53:42 PST 2014	Fri Dec 12 09:57:46 PST 2014	Fri Dec 12 09:59:34 PST 2014					[]	{"target":"outrageously","control":"insanely","questions":[]}	1.8218166666666666
12	39179	False	NA	NA	NA	English	1	Female	31		Yes	1	Windows	768	1366	Chrome	3MQY1YVHS3KF3G029EH7O362BKU2BN	33YYKPVHQV27TWFDOAZ5ULY4MPE0U8	A visit to a cousin	a 3 minute experiment where you read a comic and answer questions about it	language research stanford fun cognitive science university adjectives adverbs linguistics	$0.25	Fri Dec 12 09:52:56 PST 2014	20	0	0	20	Reviewable	NotReviewed	1 cond	3600	0	Sun Jan 11 09:52:56 PST 2015	https://requester.mturk.com/mturk/manageHIT?HITId=3MQY1YVHS3KF3G029EH7O362BKU2BN	3WLEIWSYHOHSHD1IZ8W5ZY4JPH22H1	12	Approved	Fri Dec 12 09:58:01 PST 2014	Fri Dec 12 09:53:29 PST 2014	Fri Dec 12 09:58:01 PST 2014	Fri Dec 12 09:59:34 PST 2014					[]	{"target":"outrageously","control":"insanely","questions":[]}	1.7062833333333334
12	14704	NA	1	600	insanely	English	1	Female	31		Yes	1	Windows	768	1366	Chrome	3MQY1YVHS3KF3G029EH7O362BKU2BN	33YYKPVHQV27TWFDOAZ5ULY4MPE0U8	A visit to a cousin	a 3 minute experiment where you read a comic and answer questions about it	language research stanford fun cognitive science university adjectives adverbs linguistics	$0.25	Fri Dec 12 09:52:56 PST 2014	20	0	0	20	Reviewable	NotReviewed	1 cond	3600	0	Sun Jan 11 09:52:56 PST 2015	https://requester.mturk.com/mturk/manageHIT?HITId=3MQY1YVHS3KF3G029EH7O362BKU2BN	3WLEIWSYHOHSHD1IZ8W5ZY4JPH22H1	12	Approved	Fri Dec 12 09:58:01 PST 2014	Fri Dec 12 09:53:29 PST 2014	Fri Dec 12 09:58:01 PST 2014	Fri Dec 12 09:59:34 PST 2014					[]	{"target":"outrageously","control":"insanely","questions":[]}	1.7062833333333334
12	9218	NA	2	500	outrageously	English	1	Female	31		Yes	1	Windows	768	1366	Chrome	3MQY1YVHS3KF3G029EH7O362BKU2BN	33YYKPVHQV27TWFDOAZ5ULY4MPE0U8	A visit to a cousin	a 3 minute experiment where you read a comic and answer questions about it	language research stanford fun cognitive science university adjectives adverbs linguistics	$0.25	Fri Dec 12 09:52:56 PST 2014	20	0	0	20	Reviewable	NotReviewed	1 cond	3600	0	Sun Jan 11 09:52:56 PST 2015	https://requester.mturk.com/mturk/manageHIT?HITId=3MQY1YVHS3KF3G029EH7O362BKU2BN	3WLEIWSYHOHSHD1IZ8W5ZY4JPH22H1	12	Approved	Fri Dec 12 09:58:01 PST 2014	Fri Dec 12 09:53:29 PST 2014	Fri Dec 12 09:58:01 PST 2014	Fri Dec 12 09:59:34 PST 2014					[]	{"target":"outrageously","control":"insanely","questions":[]}	1.7062833333333334
12	5993	NA	3	400	expensive	English	1	Female	31		Yes	1	Windows	768	1366	Chrome	3MQY1YVHS3KF3G029EH7O362BKU2BN	33YYKPVHQV27TWFDOAZ5ULY4MPE0U8	A visit to a cousin	a 3 minute experiment where you read a comic and answer questions about it	language research stanford fun cognitive science university adjectives adverbs linguistics	$0.25	Fri Dec 12 09:52:56 PST 2014	20	0	0	20	Reviewable	NotReviewed	1 cond	3600	0	Sun Jan 11 09:52:56 PST 2015	https://requester.mturk.com/mturk/manageHIT?HITId=3MQY1YVHS3KF3G029EH7O362BKU2BN	3WLEIWSYHOHSHD1IZ8W5ZY4JPH22H1	12	Approved	Fri Dec 12 09:58:01 PST 2014	Fri Dec 12 09:53:29 PST 2014	Fri Dec 12 09:58:01 PST 2014	Fri Dec 12 09:59:34 PST 2014					[]	{"target":"outrageously","control":"insanely","questions":[]}	1.7062833333333334
13	19981	False	NA	NA	NA	English	2	Male	33		Yes	3	Windows	768	1366	Firefox	3MQY1YVHS3KF3G029EH7O362BKU2BN	33YYKPVHQV27TWFDOAZ5ULY4MPE0U8	A visit to a cousin	a 3 minute experiment where you read a comic and answer questions about it	language research stanford fun cognitive science university adjectives adverbs linguistics	$0.25	Fri Dec 12 09:52:56 PST 2014	20	0	0	20	Reviewable	NotReviewed	1 cond	3600	0	Sun Jan 11 09:52:56 PST 2015	https://requester.mturk.com/mturk/manageHIT?HITId=3MQY1YVHS3KF3G029EH7O362BKU2BN	30BUDKLTXDV8W0T3RQQXC2AIHB15EP	13	Approved	Fri Dec 12 10:03:57 PST 2014	Fri Dec 12 09:53:13 PST 2014	Fri Dec 12 10:03:57 PST 2014	Fri Dec 12 10:07:00 PST 2014					[]	{"target":"insanely","control":"outrageously","questions":[]}	1.2765333333333333
13	5572	NA	1	750	insanely	English	2	Male	33		Yes	3	Windows	768	1366	Firefox	3MQY1YVHS3KF3G029EH7O362BKU2BN	33YYKPVHQV27TWFDOAZ5ULY4MPE0U8	A visit to a cousin	a 3 minute experiment where you read a comic and answer questions about it	language research stanford fun cognitive science university adjectives adverbs linguistics	$0.25	Fri Dec 12 09:52:56 PST 2014	20	0	0	20	Reviewable	NotReviewed	1 cond	3600	0	Sun Jan 11 09:52:56 PST 2015	https://requester.mturk.com/mturk/manageHIT?HITId=3MQY1YVHS3KF3G029EH7O362BKU2BN	30BUDKLTXDV8W0T3RQQXC2AIHB15EP	13	Approved	Fri Dec 12 10:03:57 PST 2014	Fri Dec 12 09:53:13 PST 2014	Fri Dec 12 10:03:57 PST 2014	Fri Dec 12 10:07:00 PST 2014					[]	{"target":"insanely","control":"outrageously","questions":[]}	1.2765333333333333
13	5021	NA	2	600	expensive	English	2	Male	33		Yes	3	Windows	768	1366	Firefox	3MQY1YVHS3KF3G029EH7O362BKU2BN	33YYKPVHQV27TWFDOAZ5ULY4MPE0U8	A visit to a cousin	a 3 minute experiment where you read a comic and answer questions about it	language research stanford fun cognitive science university adjectives adverbs linguistics	$0.25	Fri Dec 12 09:52:56 PST 2014	20	0	0	20	Reviewable	NotReviewed	1 cond	3600	0	Sun Jan 11 09:52:56 PST 2015	https://requester.mturk.com/mturk/manageHIT?HITId=3MQY1YVHS3KF3G029EH7O362BKU2BN	30BUDKLTXDV8W0T3RQQXC2AIHB15EP	13	Approved	Fri Dec 12 10:03:57 PST 2014	Fri Dec 12 09:53:13 PST 2014	Fri Dec 12 10:03:57 PST 2014	Fri Dec 12 10:07:00 PST 2014					[]	{"target":"insanely","control":"outrageously","questions":[]}	1.2765333333333333
13	4135	NA	3	750	outrageously	English	2	Male	33		Yes	3	Windows	768	1366	Firefox	3MQY1YVHS3KF3G029EH7O362BKU2BN	33YYKPVHQV27TWFDOAZ5ULY4MPE0U8	A visit to a cousin	a 3 minute experiment where you read a comic and answer questions about it	language research stanford fun cognitive science university adjectives adverbs linguistics	$0.25	Fri Dec 12 09:52:56 PST 2014	20	0	0	20	Reviewable	NotReviewed	1 cond	3600	0	Sun Jan 11 09:52:56 PST 2015	https://requester.mturk.com/mturk/manageHIT?HITId=3MQY1YVHS3KF3G029EH7O362BKU2BN	30BUDKLTXDV8W0T3RQQXC2AIHB15EP	13	Approved	Fri Dec 12 10:03:57 PST 2014	Fri Dec 12 09:53:13 PST 2014	Fri Dec 12 10:03:57 PST 2014	Fri Dec 12 10:07:00 PST 2014					[]	{"target":"insanely","control":"outrageously","questions":[]}	1.2765333333333333
14	32147	False	NA	NA	NA	english	1	Female	40		Yes	3	Windows	800	1280	Chrome	3MQY1YVHS3KF3G029EH7O362BKU2BN	33YYKPVHQV27TWFDOAZ5ULY4MPE0U8	A visit to a cousin	a 3 minute experiment where you read a comic and answer questions about it	language research stanford fun cognitive science university adjectives adverbs linguistics	$0.25	Fri Dec 12 09:52:56 PST 2014	20	0	0	20	Reviewable	NotReviewed	1 cond	3600	0	Sun Jan 11 09:52:56 PST 2015	https://requester.mturk.com/mturk/manageHIT?HITId=3MQY1YVHS3KF3G029EH7O362BKU2BN	3X87C8JFV6BYZ5HJCDY5ZU9OEYXSQQ	14	Approved	Fri Dec 12 10:06:21 PST 2014	Fri Dec 12 09:53:38 PST 2014	Fri Dec 12 10:06:21 PST 2014	Fri Dec 12 10:07:06 PST 2014					[]	{"target":"outrageously","control":"insanely","questions":[]}	1.3583
14	9406	NA	1	5000	outrageously	english	1	Female	40		Yes	3	Windows	800	1280	Chrome	3MQY1YVHS3KF3G029EH7O362BKU2BN	33YYKPVHQV27TWFDOAZ5ULY4MPE0U8	A visit to a cousin	a 3 minute experiment where you read a comic and answer questions about it	language research stanford fun cognitive science university adjectives adverbs linguistics	$0.25	Fri Dec 12 09:52:56 PST 2014	20	0	0	20	Reviewable	NotReviewed	1 cond	3600	0	Sun Jan 11 09:52:56 PST 2015	https://requester.mturk.com/mturk/manageHIT?HITId=3MQY1YVHS3KF3G029EH7O362BKU2BN	3X87C8JFV6BYZ5HJCDY5ZU9OEYXSQQ	14	Approved	Fri Dec 12 10:06:21 PST 2014	Fri Dec 12 09:53:38 PST 2014	Fri Dec 12 10:06:21 PST 2014	Fri Dec 12 10:07:06 PST 2014					[]	{"target":"outrageously","control":"insanely","questions":[]}	1.3583
14	8728	NA	2	4500	insanely	english	1	Female	40		Yes	3	Windows	800	1280	Chrome	3MQY1YVHS3KF3G029EH7O362BKU2BN	33YYKPVHQV27TWFDOAZ5ULY4MPE0U8	A visit to a cousin	a 3 minute experiment where you read a comic and answer questions about it	language research stanford fun cognitive science university adjectives adverbs linguistics	$0.25	Fri Dec 12 09:52:56 PST 2014	20	0	0	20	Reviewable	NotReviewed	1 cond	3600	0	Sun Jan 11 09:52:56 PST 2015	https://requester.mturk.com/mturk/manageHIT?HITId=3MQY1YVHS3KF3G029EH7O362BKU2BN	3X87C8JFV6BYZ5HJCDY5ZU9OEYXSQQ	14	Approved	Fri Dec 12 10:06:21 PST 2014	Fri Dec 12 09:53:38 PST 2014	Fri Dec 12 10:06:21 PST 2014	Fri Dec 12 10:07:06 PST 2014					[]	{"target":"outrageously","control":"insanely","questions":[]}	1.3583
14	8720	NA	3	3000	expensive	english	1	Female	40		Yes	3	Windows	800	1280	Chrome	3MQY1YVHS3KF3G029EH7O362BKU2BN	33YYKPVHQV27TWFDOAZ5ULY4MPE0U8	A visit to a cousin	a 3 minute experiment where you read a comic and answer questions about it	language research stanford fun cognitive science university adjectives adverbs linguistics	$0.25	Fri Dec 12 09:52:56 PST 2014	20	0	0	20	Reviewable	NotReviewed	1 cond	3600	0	Sun Jan 11 09:52:56 PST 2015	https://requester.mturk.com/mturk/manageHIT?HITId=3MQY1YVHS3KF3G029EH7O362BKU2BN	3X87C8JFV6BYZ5HJCDY5ZU9OEYXSQQ	14	Approved	Fri Dec 12 10:06:21 PST 2014	Fri Dec 12 09:53:38 PST 2014	Fri Dec 12 10:06:21 PST 2014	Fri Dec 12 10:07:06 PST 2014					[]	{"target":"outrageously","control":"insanely","questions":[]}	1.3583
15	29938	True	NA	NA	NA	English	2	Male	24		Yes	3	Windows	768	1366	Chrome	3MQY1YVHS3KF3G029EH7O362BKU2BN	33YYKPVHQV27TWFDOAZ5ULY4MPE0U8	A visit to a cousin	a 3 minute experiment where you read a comic and answer questions about it	language research stanford fun cognitive science university adjectives adverbs linguistics	$0.25	Fri Dec 12 09:52:56 PST 2014	20	0	0	20	Reviewable	NotReviewed	1 cond	3600	0	Sun Jan 11 09:52:56 PST 2015	https://requester.mturk.com/mturk/manageHIT?HITId=3MQY1YVHS3KF3G029EH7O362BKU2BN	3AQF3RZ558IWLITDRKK8MQ9IP7S6FP	15	Approved	Fri Dec 12 10:17:56 PST 2014	Fri Dec 12 09:53:08 PST 2014	Fri Dec 12 10:17:56 PST 2014	Fri Dec 12 10:18:36 PST 2014					[]	{"target":"insanely","control":"outrageously","questions":[]}	2.5799
15	11762	NA	1	1500	expensive	English	2	Male	24		Yes	3	Windows	768	1366	Chrome	3MQY1YVHS3KF3G029EH7O362BKU2BN	33YYKPVHQV27TWFDOAZ5ULY4MPE0U8	A visit to a cousin	a 3 minute experiment where you read a comic and answer questions about it	language research stanford fun cognitive science university adjectives adverbs linguistics	$0.25	Fri Dec 12 09:52:56 PST 2014	20	0	0	20	Reviewable	NotReviewed	1 cond	3600	0	Sun Jan 11 09:52:56 PST 2015	https://requester.mturk.com/mturk/manageHIT?HITId=3MQY1YVHS3KF3G029EH7O362BKU2BN	3AQF3RZ558IWLITDRKK8MQ9IP7S6FP	15	Approved	Fri Dec 12 10:17:56 PST 2014	Fri Dec 12 09:53:08 PST 2014	Fri Dec 12 10:17:56 PST 2014	Fri Dec 12 10:18:36 PST 2014					[]	{"target":"insanely","control":"outrageously","questions":[]}	2.5799
15	7285	NA	2	2500	outrageously	English	2	Male	24		Yes	3	Windows	768	1366	Chrome	3MQY1YVHS3KF3G029EH7O362BKU2BN	33YYKPVHQV27TWFDOAZ5ULY4MPE0U8	A visit to a cousin	a 3 minute experiment where you read a comic and answer questions about it	language research stanford fun cognitive science university adjectives adverbs linguistics	$0.25	Fri Dec 12 09:52:56 PST 2014	20	0	0	20	Reviewable	NotReviewed	1 cond	3600	0	Sun Jan 11 09:52:56 PST 2015	https://requester.mturk.com/mturk/manageHIT?HITId=3MQY1YVHS3KF3G029EH7O362BKU2BN	3AQF3RZ558IWLITDRKK8MQ9IP7S6FP	15	Approved	Fri Dec 12 10:17:56 PST 2014	Fri Dec 12 09:53:08 PST 2014	Fri Dec 12 10:17:56 PST 2014	Fri Dec 12 10:18:36 PST 2014					[]	{"target":"insanely","control":"outrageously","questions":[]}	2.5799
15	6790	NA	3	5000	insanely	English	2	Male	24		Yes	3	Windows	768	1366	Chrome	3MQY1YVHS3KF3G029EH7O362BKU2BN	33YYKPVHQV27TWFDOAZ5ULY4MPE0U8	A visit to a cousin	a 3 minute experiment where you read a comic and answer questions about it	language research stanford fun cognitive science university adjectives adverbs linguistics	$0.25	Fri Dec 12 09:52:56 PST 2014	20	0	0	20	Reviewable	NotReviewed	1 cond	3600	0	Sun Jan 11 09:52:56 PST 2015	https://requester.mturk.com/mturk/manageHIT?HITId=3MQY1YVHS3KF3G029EH7O362BKU2BN	3AQF3RZ558IWLITDRKK8MQ9IP7S6FP	15	Approved	Fri Dec 12 10:17:56 PST 2014	Fri Dec 12 09:53:08 PST 2014	Fri Dec 12 10:17:56 PST 2014	Fri Dec 12 10:18:36 PST 2014					[]	{"target":"insanely","control":"outrageously","questions":[]}	2.5799
16	177393	False	NA	NA	NA	english	1	Female	34		Yes	2	Windows	960	1708	Firefox	3MQY1YVHS3KF3G029EH7O362BKU2BN	33YYKPVHQV27TWFDOAZ5ULY4MPE0U8	A visit to a cousin	a 3 minute experiment where you read a comic and answer questions about it	language research stanford fun cognitive science university adjectives adverbs linguistics	$0.25	Fri Dec 12 09:52:56 PST 2014	20	0	0	20	Reviewable	NotReviewed	1 cond	3600	0	Sun Jan 11 09:52:56 PST 2015	https://requester.mturk.com/mturk/manageHIT?HITId=3MQY1YVHS3KF3G029EH7O362BKU2BN	3G0WWMR1UVK1JSPE4HHJ00ZIRZPNQ9	16	Approved	Fri Dec 12 10:19:03 PST 2014	Fri Dec 12 09:53:13 PST 2014	Fri Dec 12 10:19:03 PST 2014	Fri Dec 12 10:23:36 PST 2014					[]	{"target":"insanely","control":"outrageously","questions":[]}	3.656416666666667
16	7458	NA	1	2500	insanely	english	1	Female	34		Yes	2	Windows	960	1708	Firefox	3MQY1YVHS3KF3G029EH7O362BKU2BN	33YYKPVHQV27TWFDOAZ5ULY4MPE0U8	A visit to a cousin	a 3 minute experiment where you read a comic and answer questions about it	language research stanford fun cognitive science university adjectives adverbs linguistics	$0.25	Fri Dec 12 09:52:56 PST 2014	20	0	0	20	Reviewable	NotReviewed	1 cond	3600	0	Sun Jan 11 09:52:56 PST 2015	https://requester.mturk.com/mturk/manageHIT?HITId=3MQY1YVHS3KF3G029EH7O362BKU2BN	3G0WWMR1UVK1JSPE4HHJ00ZIRZPNQ9	16	Approved	Fri Dec 12 10:19:03 PST 2014	Fri Dec 12 09:53:13 PST 2014	Fri Dec 12 10:19:03 PST 2014	Fri Dec 12 10:23:36 PST 2014					[]	{"target":"insanely","control":"outrageously","questions":[]}	3.656416666666667
16	5973	NA	2	1250	expensive	english	1	Female	34		Yes	2	Windows	960	1708	Firefox	3MQY1YVHS3KF3G029EH7O362BKU2BN	33YYKPVHQV27TWFDOAZ5ULY4MPE0U8	A visit to a cousin	a 3 minute experiment where you read a comic and answer questions about it	language research stanford fun cognitive science university adjectives adverbs linguistics	$0.25	Fri Dec 12 09:52:56 PST 2014	20	0	0	20	Reviewable	NotReviewed	1 cond	3600	0	Sun Jan 11 09:52:56 PST 2015	https://requester.mturk.com/mturk/manageHIT?HITId=3MQY1YVHS3KF3G029EH7O362BKU2BN	3G0WWMR1UVK1JSPE4HHJ00ZIRZPNQ9	16	Approved	Fri Dec 12 10:19:03 PST 2014	Fri Dec 12 09:53:13 PST 2014	Fri Dec 12 10:19:03 PST 2014	Fri Dec 12 10:23:36 PST 2014					[]	{"target":"insanely","control":"outrageously","questions":[]}	3.656416666666667
16	5846	NA	3	2750	outrageously	english	1	Female	34		Yes	2	Windows	960	1708	Firefox	3MQY1YVHS3KF3G029EH7O362BKU2BN	33YYKPVHQV27TWFDOAZ5ULY4MPE0U8	A visit to a cousin	a 3 minute experiment where you read a comic and answer questions about it	language research stanford fun cognitive science university adjectives adverbs linguistics	$0.25	Fri Dec 12 09:52:56 PST 2014	20	0	0	20	Reviewable	NotReviewed	1 cond	3600	0	Sun Jan 11 09:52:56 PST 2015	https://requester.mturk.com/mturk/manageHIT?HITId=3MQY1YVHS3KF3G029EH7O362BKU2BN	3G0WWMR1UVK1JSPE4HHJ00ZIRZPNQ9	16	Approved	Fri Dec 12 10:19:03 PST 2014	Fri Dec 12 09:53:13 PST 2014	Fri Dec 12 10:19:03 PST 2014	Fri Dec 12 10:23:36 PST 2014					[]	{"target":"insanely","control":"outrageously","questions":[]}	3.656416666666667
17	35945	False	NA	NA	NA	Spanish	2	Male	28		Yes	3	Windows	1340	2144	Firefox	3MQY1YVHS3KF3G029EH7O362BKU2BN	33YYKPVHQV27TWFDOAZ5ULY4MPE0U8	A visit to a cousin	a 3 minute experiment where you read a comic and answer questions about it	language research stanford fun cognitive science university adjectives adverbs linguistics	$0.25	Fri Dec 12 09:52:56 PST 2014	20	0	0	20	Reviewable	NotReviewed	1 cond	3600	0	Sun Jan 11 09:52:56 PST 2015	https://requester.mturk.com/mturk/manageHIT?HITId=3MQY1YVHS3KF3G029EH7O362BKU2BN	3S4AW7T80BI46NZVU7URK5UOQC7L4N	17	Approved	Fri Dec 12 10:20:50 PST 2014	Fri Dec 12 09:53:22 PST 2014	Fri Dec 12 10:20:50 PST 2014	Fri Dec 12 10:23:36 PST 2014					[]	{"target":"insanely","control":"outrageously","questions":[]}	1.9392
17	8836	NA	1	1000	outrageously	Spanish	2	Male	28		Yes	3	Windows	1340	2144	Firefox	3MQY1YVHS3KF3G029EH7O362BKU2BN	33YYKPVHQV27TWFDOAZ5ULY4MPE0U8	A visit to a cousin	a 3 minute experiment where you read a comic and answer questions about it	language research stanford fun cognitive science university adjectives adverbs linguistics	$0.25	Fri Dec 12 09:52:56 PST 2014	20	0	0	20	Reviewable	NotReviewed	1 cond	3600	0	Sun Jan 11 09:52:56 PST 2015	https://requester.mturk.com/mturk/manageHIT?HITId=3MQY1YVHS3KF3G029EH7O362BKU2BN	3S4AW7T80BI46NZVU7URK5UOQC7L4N	17	Approved	Fri Dec 12 10:20:50 PST 2014	Fri Dec 12 09:53:22 PST 2014	Fri Dec 12 10:20:50 PST 2014	Fri Dec 12 10:23:36 PST 2014					[]	{"target":"insanely","control":"outrageously","questions":[]}	1.9392
17	8644	NA	2	23000	insanely	Spanish	2	Male	28		Yes	3	Windows	1340	2144	Firefox	3MQY1YVHS3KF3G029EH7O362BKU2BN	33YYKPVHQV27TWFDOAZ5ULY4MPE0U8	A visit to a cousin	a 3 minute experiment where you read a comic and answer questions about it	language research stanford fun cognitive science university adjectives adverbs linguistics	$0.25	Fri Dec 12 09:52:56 PST 2014	20	0	0	20	Reviewable	NotReviewed	1 cond	3600	0	Sun Jan 11 09:52:56 PST 2015	https://requester.mturk.com/mturk/manageHIT?HITId=3MQY1YVHS3KF3G029EH7O362BKU2BN	3S4AW7T80BI46NZVU7URK5UOQC7L4N	17	Approved	Fri Dec 12 10:20:50 PST 2014	Fri Dec 12 09:53:22 PST 2014	Fri Dec 12 10:20:50 PST 2014	Fri Dec 12 10:23:36 PST 2014					[]	{"target":"insanely","control":"outrageously","questions":[]}	1.9392
17	8869	NA	3	600	expensive	Spanish	2	Male	28		Yes	3	Windows	1340	2144	Firefox	3MQY1YVHS3KF3G029EH7O362BKU2BN	33YYKPVHQV27TWFDOAZ5ULY4MPE0U8	A visit to a cousin	a 3 minute experiment where you read a comic and answer questions about it	language research stanford fun cognitive science university adjectives adverbs linguistics	$0.25	Fri Dec 12 09:52:56 PST 2014	20	0	0	20	Reviewable	NotReviewed	1 cond	3600	0	Sun Jan 11 09:52:56 PST 2015	https://requester.mturk.com/mturk/manageHIT?HITId=3MQY1YVHS3KF3G029EH7O362BKU2BN	3S4AW7T80BI46NZVU7URK5UOQC7L4N	17	Approved	Fri Dec 12 10:20:50 PST 2014	Fri Dec 12 09:53:22 PST 2014	Fri Dec 12 10:20:50 PST 2014	Fri Dec 12 10:23:36 PST 2014					[]	{"target":"insanely","control":"outrageously","questions":[]}	1.9392
18	69459	False	NA	NA	NA	English	2	Female	24		Yes	2	Windows	768	1366	Firefox	3MQY1YVHS3KF3G029EH7O362BKU2BN	33YYKPVHQV27TWFDOAZ5ULY4MPE0U8	A visit to a cousin	a 3 minute experiment where you read a comic and answer questions about it	language research stanford fun cognitive science university adjectives adverbs linguistics	$0.25	Fri Dec 12 09:52:56 PST 2014	20	0	0	20	Reviewable	NotReviewed	1 cond	3600	0	Sun Jan 11 09:52:56 PST 2015	https://requester.mturk.com/mturk/manageHIT?HITId=3MQY1YVHS3KF3G029EH7O362BKU2BN	3HFNH7HEMHEV908SHD4OAGQLQN4GQV	18	Approved	Fri Dec 12 10:40:27 PST 2014	Fri Dec 12 09:54:17 PST 2014	Fri Dec 12 10:40:27 PST 2014	Fri Dec 12 10:43:36 PST 2014					[]	{"target":"insanely","control":"outrageously","questions":[]}	45.840516666666666
18	26620	NA	1	1000	expensive	English	2	Female	24		Yes	2	Windows	768	1366	Firefox	3MQY1YVHS3KF3G029EH7O362BKU2BN	33YYKPVHQV27TWFDOAZ5ULY4MPE0U8	A visit to a cousin	a 3 minute experiment where you read a comic and answer questions about it	language research stanford fun cognitive science university adjectives adverbs linguistics	$0.25	Fri Dec 12 09:52:56 PST 2014	20	0	0	20	Reviewable	NotReviewed	1 cond	3600	0	Sun Jan 11 09:52:56 PST 2015	https://requester.mturk.com/mturk/manageHIT?HITId=3MQY1YVHS3KF3G029EH7O362BKU2BN	3HFNH7HEMHEV908SHD4OAGQLQN4GQV	18	Approved	Fri Dec 12 10:40:27 PST 2014	Fri Dec 12 09:54:17 PST 2014	Fri Dec 12 10:40:27 PST 2014	Fri Dec 12 10:43:36 PST 2014					[]	{"target":"insanely","control":"outrageously","questions":[]}	45.840516666666666
18	20619	NA	2	1300	outrageously	English	2	Female	24		Yes	2	Windows	768	1366	Firefox	3MQY1YVHS3KF3G029EH7O362BKU2BN	33YYKPVHQV27TWFDOAZ5ULY4MPE0U8	A visit to a cousin	a 3 minute experiment where you read a comic and answer questions about it	language research stanford fun cognitive science university adjectives adverbs linguistics	$0.25	Fri Dec 12 09:52:56 PST 2014	20	0	0	20	Reviewable	NotReviewed	1 cond	3600	0	Sun Jan 11 09:52:56 PST 2015	https://requester.mturk.com/mturk/manageHIT?HITId=3MQY1YVHS3KF3G029EH7O362BKU2BN	3HFNH7HEMHEV908SHD4OAGQLQN4GQV	18	Approved	Fri Dec 12 10:40:27 PST 2014	Fri Dec 12 09:54:17 PST 2014	Fri Dec 12 10:40:27 PST 2014	Fri Dec 12 10:43:36 PST 2014					[]	{"target":"insanely","control":"outrageously","questions":[]}	45.840516666666666
18	24660	NA	3	1500	insanely	English	2	Female	24		Yes	2	Windows	768	1366	Firefox	3MQY1YVHS3KF3G029EH7O362BKU2BN	33YYKPVHQV27TWFDOAZ5ULY4MPE0U8	A visit to a cousin	a 3 minute experiment where you read a comic and answer questions about it	language research stanford fun cognitive science university adjectives adverbs linguistics	$0.25	Fri Dec 12 09:52:56 PST 2014	20	0	0	20	Reviewable	NotReviewed	1 cond	3600	0	Sun Jan 11 09:52:56 PST 2015	https://requester.mturk.com/mturk/manageHIT?HITId=3MQY1YVHS3KF3G029EH7O362BKU2BN	3HFNH7HEMHEV908SHD4OAGQLQN4GQV	18	Approved	Fri Dec 12 10:40:27 PST 2014	Fri Dec 12 09:54:17 PST 2014	Fri Dec 12 10:40:27 PST 2014	Fri Dec 12 10:43:36 PST 2014					[]	{"target":"insanely","control":"outrageously","questions":[]}	45.840516666666666
19	38361	False	NA	NA	NA	English	2	Male	32	It was insanely fun. 	Yes	2	Windows	1080	1920	Chrome	3MQY1YVHS3KF3G029EH7O362BKU2BN	33YYKPVHQV27TWFDOAZ5ULY4MPE0U8	A visit to a cousin	a 3 minute experiment where you read a comic and answer questions about it	language research stanford fun cognitive science university adjectives adverbs linguistics	$0.25	Fri Dec 12 09:52:56 PST 2014	20	0	0	20	Reviewable	NotReviewed	1 cond	3600	0	Sun Jan 11 09:52:56 PST 2015	https://requester.mturk.com/mturk/manageHIT?HITId=3MQY1YVHS3KF3G029EH7O362BKU2BN	34QN5IT0TZRSSSXBHHYL3XI5P0V083	19	Approved	Fri Dec 12 11:01:19 PST 2014	Fri Dec 12 10:59:12 PST 2014	Fri Dec 12 11:01:19 PST 2014	Fri Dec 12 11:03:36 PST 2014					[]	{"target":"insanely","control":"outrageously","questions":[]}	2.0860333333333334
19	17142	NA	1	500.00	outrageously	English	2	Male	32	It was insanely fun. 	Yes	2	Windows	1080	1920	Chrome	3MQY1YVHS3KF3G029EH7O362BKU2BN	33YYKPVHQV27TWFDOAZ5ULY4MPE0U8	A visit to a cousin	a 3 minute experiment where you read a comic and answer questions about it	language research stanford fun cognitive science university adjectives adverbs linguistics	$0.25	Fri Dec 12 09:52:56 PST 2014	20	0	0	20	Reviewable	NotReviewed	1 cond	3600	0	Sun Jan 11 09:52:56 PST 2015	https://requester.mturk.com/mturk/manageHIT?HITId=3MQY1YVHS3KF3G029EH7O362BKU2BN	34QN5IT0TZRSSSXBHHYL3XI5P0V083	19	Approved	Fri Dec 12 11:01:19 PST 2014	Fri Dec 12 10:59:12 PST 2014	Fri Dec 12 11:01:19 PST 2014	Fri Dec 12 11:03:36 PST 2014					[]	{"target":"insanely","control":"outrageously","questions":[]}	2.0860333333333334
19	12320	NA	2	600.00	insanely	English	2	Male	32	It was insanely fun. 	Yes	2	Windows	1080	1920	Chrome	3MQY1YVHS3KF3G029EH7O362BKU2BN	33YYKPVHQV27TWFDOAZ5ULY4MPE0U8	A visit to a cousin	a 3 minute experiment where you read a comic and answer questions about it	language research stanford fun cognitive science university adjectives adverbs linguistics	$0.25	Fri Dec 12 09:52:56 PST 2014	20	0	0	20	Reviewable	NotReviewed	1 cond	3600	0	Sun Jan 11 09:52:56 PST 2015	https://requester.mturk.com/mturk/manageHIT?HITId=3MQY1YVHS3KF3G029EH7O362BKU2BN	34QN5IT0TZRSSSXBHHYL3XI5P0V083	19	Approved	Fri Dec 12 11:01:19 PST 2014	Fri Dec 12 10:59:12 PST 2014	Fri Dec 12 11:01:19 PST 2014	Fri Dec 12 11:03:36 PST 2014					[]	{"target":"insanely","control":"outrageously","questions":[]}	2.0860333333333334
19	9415	NA	3	300.00	expensive	English	2	Male	32	It was insanely fun. 	Yes	2	Windows	1080	1920	Chrome	3MQY1YVHS3KF3G029EH7O362BKU2BN	33YYKPVHQV27TWFDOAZ5ULY4MPE0U8	A visit to a cousin	a 3 minute experiment where you read a comic and answer questions about it	language research stanford fun cognitive science university adjectives adverbs linguistics	$0.25	Fri Dec 12 09:52:56 PST 2014	20	0	0	20	Reviewable	NotReviewed	1 cond	3600	0	Sun Jan 11 09:52:56 PST 2015	https://requester.mturk.com/mturk/manageHIT?HITId=3MQY1YVHS3KF3G029EH7O362BKU2BN	34QN5IT0TZRSSSXBHHYL3XI5P0V083	19	Approved	Fri Dec 12 11:01:19 PST 2014	Fri Dec 12 10:59:12 PST 2014	Fri Dec 12 11:01:19 PST 2014	Fri Dec 12 11:03:36 PST 2014					[]	{"target":"insanely","control":"outrageously","questions":[]}	2.0860333333333334