workerid	hitid	hittypeid	title	description	keywords	reward	creationtime	assignments	numavailable	numpending	numcomplete	hitstatus	reviewstatus	annotation	assignmentduration	autoapprovaldelay	hitlifetime	viewhit	assignmentid	workerid	assignmentstatus	autoapprovaltime	assignmentaccepttime	assignmentsubmittime	assignmentapprovaltime	assignmentrejecttime	deadline	feedback	reject	Answer.comments	Answer.colors	Answer.items	Answer.age	Answer.language	Answer.minutes
0	2TX806UFBNFSB8USVB051W6NIDYG2S	2AAV8ER9Y8TN0AM68UWKOHS2OQP5S1	Friends&quotechar Purchases	Tell us how much you think some friends have spent on different household items.	language research stanford fun	$0.40	Thu Sep 05 05:20:41 PDT 2013	80	0	0	79	Reviewable	NotReviewed	1 speech_act	1200	60000	Sun Jan 12 08:11:09 PST 2014	https://requester.mturk.com/mturk/manageHIT?HITId=2TX806UFBNFSB8USVB051W6NIDYG2S	22FQQ7Q670516CCU79TTZC1XTDGCWI	0	Approved	Thu Sep 05 22:07:10 PDT 2013	Thu Sep 05 05:21:16 PDT 2013	Thu Sep 05 05:27:10 PDT 2013	Thu Sep 05 09:45:44 PDT 2013					""	["31B404","DF0101","0404B4"]	["laptop","watch","coffee maker"]	"31"	"English"	5.86155
1	2TX806UFBNFSB8USVB051W6NIDYG2S	2AAV8ER9Y8TN0AM68UWKOHS2OQP5S1	Friends&quotechar Purchases	Tell us how much you think some friends have spent on different household items.	language research stanford fun	$0.40	Thu Sep 05 05:20:41 PDT 2013	80	0	0	79	Reviewable	NotReviewed	1 speech_act	1200	60000	Sun Jan 12 08:11:09 PST 2014	https://requester.mturk.com/mturk/manageHIT?HITId=2TX806UFBNFSB8USVB051W6NIDYG2S	2O8OOGQSCM6IQ22ZUQLU300OXHJGGY	1	Approved	Thu Sep 05 22:07:51 PDT 2013	Thu Sep 05 05:21:55 PDT 2013	Thu Sep 05 05:27:51 PDT 2013	Thu Sep 05 09:45:43 PDT 2013					""	["31B404","DF0101","0404B4"]	["laptop","watch","coffee maker"]	"51"	"english"	5.8413166667
2	2TX806UFBNFSB8USVB051W6NIDYG2S	2AAV8ER9Y8TN0AM68UWKOHS2OQP5S1	Friends&quotechar Purchases	Tell us how much you think some friends have spent on different household items.	language research stanford fun	$0.40	Thu Sep 05 05:20:41 PDT 2013	80	0	0	79	Reviewable	NotReviewed	1 speech_act	1200	60000	Sun Jan 12 08:11:09 PST 2014	https://requester.mturk.com/mturk/manageHIT?HITId=2TX806UFBNFSB8USVB051W6NIDYG2S	2UMDD8XMB3Q3PR0IM2KOFT4E2PRFQS	2	Approved	Thu Sep 05 22:12:12 PDT 2013	Thu Sep 05 05:27:11 PDT 2013	Thu Sep 05 05:32:12 PDT 2013	Thu Sep 05 09:45:44 PDT 2013					""	["DF0101","0404B4","31B404"]	["laptop","watch","coffee maker"]	"33"	"english"	4.8435166667
3	2TX806UFBNFSB8USVB051W6NIDYG2S	2AAV8ER9Y8TN0AM68UWKOHS2OQP5S1	Friends&quotechar Purchases	Tell us how much you think some friends have spent on different household items.	language research stanford fun	$0.40	Thu Sep 05 05:20:41 PDT 2013	80	0	0	79	Reviewable	NotReviewed	1 speech_act	1200	60000	Sun Jan 12 08:11:09 PST 2014	https://requester.mturk.com/mturk/manageHIT?HITId=2TX806UFBNFSB8USVB051W6NIDYG2S	2Y4CF0CP5KXP9ANPY5PGDPM7UV5WX5	3	Approved	Thu Sep 05 22:16:06 PDT 2013	Thu Sep 05 05:30:33 PDT 2013	Thu Sep 05 05:36:06 PDT 2013	Thu Sep 05 09:45:44 PDT 2013					""	["DF0101","31B404","0404B4"]	["laptop","watch","coffee maker"]	"54"	"English"	5.3610166667
4	2TX806UFBNFSB8USVB051W6NIDYG2S	2AAV8ER9Y8TN0AM68UWKOHS2OQP5S1	Friends&quotechar Purchases	Tell us how much you think some friends have spent on different household items.	language research stanford fun	$0.40	Thu Sep 05 05:20:41 PDT 2013	80	0	0	79	Reviewable	NotReviewed	1 speech_act	1200	60000	Sun Jan 12 08:11:09 PST 2014	https://requester.mturk.com/mturk/manageHIT?HITId=2TX806UFBNFSB8USVB051W6NIDYG2S	25B8EBDPGFL6B4P3FHINMWIO2YRH2F	4	Approved	Thu Sep 05 22:16:37 PDT 2013	Thu Sep 05 05:32:38 PDT 2013	Thu Sep 05 05:36:37 PDT 2013	Thu Sep 05 09:45:42 PDT 2013					"Thanks+for+preparing+this+HIT!"	["DF0101","31B404","0404B4"]	["laptop","watch","coffee maker"]	"31"	"English"	3.9632833333
5	2TX806UFBNFSB8USVB051W6NIDYG2S	2AAV8ER9Y8TN0AM68UWKOHS2OQP5S1	Friends&quotechar Purchases	Tell us how much you think some friends have spent on different household items.	language research stanford fun	$0.40	Thu Sep 05 05:20:41 PDT 2013	80	0	0	79	Reviewable	NotReviewed	1 speech_act	1200	60000	Sun Jan 12 08:11:09 PST 2014	https://requester.mturk.com/mturk/manageHIT?HITId=2TX806UFBNFSB8USVB051W6NIDYG2S	240Y1THV8ER9E0TU0QDZ1M5KMER1O6	5	Approved	Thu Sep 05 22:17:06 PDT 2013	Thu Sep 05 05:32:19 PDT 2013	Thu Sep 05 05:37:06 PDT 2013	Thu Sep 05 09:45:42 PDT 2013					"maybe+some+pictures%2C+or+a+brand+name+on+thie+product+would+give+a+better+guess.+.+.+.+there+is+a+huge+difference+between+PC+Laptops+and+MAC+laptops+and+between+Walmart+brand+watches+and+Rolex+"	["0404B4","DF0101","31B404"]	["laptop","watch","coffee maker"]	"27"	"English"	4.7499833333
6	2TX806UFBNFSB8USVB051W6NIDYG2S	2AAV8ER9Y8TN0AM68UWKOHS2OQP5S1	Friends&quotechar Purchases	Tell us how much you think some friends have spent on different household items.	language research stanford fun	$0.40	Thu Sep 05 05:20:41 PDT 2013	80	0	0	79	Reviewable	NotReviewed	1 speech_act	1200	60000	Sun Jan 12 08:11:09 PST 2014	https://requester.mturk.com/mturk/manageHIT?HITId=2TX806UFBNFSB8USVB051W6NIDYG2S	2KNKI62NJQ21NUZGPY86KKLC2BAMUC	6	Approved	Thu Sep 05 22:18:53 PDT 2013	Thu Sep 05 05:32:31 PDT 2013	Thu Sep 05 05:38:53 PDT 2013	Thu Sep 05 09:45:43 PDT 2013					"I+think+my+prices+kept+going+up."	["0404B4","31B404","DF0101"]	["laptop","watch","coffee maker"]	"45"	"English"	6.2659833333
7	2TX806UFBNFSB8USVB051W6NIDYG2S	2AAV8ER9Y8TN0AM68UWKOHS2OQP5S1	Friends&quotechar Purchases	Tell us how much you think some friends have spent on different household items.	language research stanford fun	$0.40	Thu Sep 05 05:20:41 PDT 2013	80	0	0	79	Reviewable	NotReviewed	1 speech_act	1200	60000	Sun Jan 12 08:11:09 PST 2014	https://requester.mturk.com/mturk/manageHIT?HITId=2TX806UFBNFSB8USVB051W6NIDYG2S	2GGQ1SNQQ7Q6NS586S3N012TX908SU	7	Approved	Thu Sep 05 22:19:16 PDT 2013	Thu Sep 05 05:31:52 PDT 2013	Thu Sep 05 05:39:16 PDT 2013	Thu Sep 05 09:45:44 PDT 2013					"this+was+an+interesting+study.+"	["DF0101","31B404","0404B4"]	["laptop","watch","coffee maker"]	"31"	"English"	7.3494333333
8	2TX806UFBNFSB8USVB051W6NIDYG2S	2AAV8ER9Y8TN0AM68UWKOHS2OQP5S1	Friends&quotechar Purchases	Tell us how much you think some friends have spent on different household items.	language research stanford fun	$0.40	Thu Sep 05 05:20:41 PDT 2013	80	0	0	79	Reviewable	NotReviewed	1 speech_act	1200	60000	Sun Jan 12 08:11:09 PST 2014	https://requester.mturk.com/mturk/manageHIT?HITId=2TX806UFBNFSB8USVB051W6NIDYG2S	2UUJE1M7PKK91JWD471C94LZ4MKRY3	8	Approved	Thu Sep 05 22:21:05 PDT 2013	Thu Sep 05 05:34:27 PDT 2013	Thu Sep 05 05:41:05 PDT 2013	Thu Sep 05 09:45:43 PDT 2013					"Most+of+the+adjectives+were+very+similar."	["31B404","0404B4","DF0101"]	["laptop","watch","coffee maker"]	"29"	"English"	6.60635
9	2TX806UFBNFSB8USVB051W6NIDYG2S	2AAV8ER9Y8TN0AM68UWKOHS2OQP5S1	Friends&quotechar Purchases	Tell us how much you think some friends have spent on different household items.	language research stanford fun	$0.40	Thu Sep 05 05:20:41 PDT 2013	80	0	0	79	Reviewable	NotReviewed	1 speech_act	1200	60000	Sun Jan 12 08:11:09 PST 2014	https://requester.mturk.com/mturk/manageHIT?HITId=2TX806UFBNFSB8USVB051W6NIDYG2S	2TCM05BMJTUHEO2N9X0RJ7S53J0KF6	9	Approved	Thu Sep 05 22:21:35 PDT 2013	Thu Sep 05 05:36:51 PDT 2013	Thu Sep 05 05:41:35 PDT 2013	Thu Sep 05 09:45:41 PDT 2013					""	["DF0101","0404B4","31B404"]	["laptop","watch","coffee maker"]	"44"	"English"	4.6685166667
10	2TX806UFBNFSB8USVB051W6NIDYG2S	2AAV8ER9Y8TN0AM68UWKOHS2OQP5S1	Friends&quotechar Purchases	Tell us how much you think some friends have spent on different household items.	language research stanford fun	$0.40	Thu Sep 05 05:20:41 PDT 2013	80	0	0	79	Reviewable	NotReviewed	1 speech_act	1200	60000	Sun Jan 12 08:11:09 PST 2014	https://requester.mturk.com/mturk/manageHIT?HITId=2TX806UFBNFSB8USVB051W6NIDYG2S	2OWEGDHDM25LOA9UF4XHNZ6OL2QDNW	10	Approved	Thu Sep 05 22:24:11 PDT 2013	Thu Sep 05 05:38:55 PDT 2013	Thu Sep 05 05:44:11 PDT 2013	Thu Sep 05 09:45:42 PDT 2013					""	["DF0101","0404B4","31B404"]	["laptop","watch","coffee maker"]	"24"	"English"	5.2026333333
11	2TX806UFBNFSB8USVB051W6NIDYG2S	2AAV8ER9Y8TN0AM68UWKOHS2OQP5S1	Friends&quotechar Purchases	Tell us how much you think some friends have spent on different household items.	language research stanford fun	$0.40	Thu Sep 05 05:20:41 PDT 2013	80	0	0	79	Reviewable	NotReviewed	1 speech_act	1200	60000	Sun Jan 12 08:11:09 PST 2014	https://requester.mturk.com/mturk/manageHIT?HITId=2TX806UFBNFSB8USVB051W6NIDYG2S	29PR24SMEZZ22AKT3HL8Y9Y3FRW2J8	11	Approved	Thu Sep 05 22:25:08 PDT 2013	Thu Sep 05 05:32:02 PDT 2013	Thu Sep 05 05:45:08 PDT 2013	Thu Sep 05 09:45:43 PDT 2013					"I+think+sometimes+my+responses+varied+a+little+but+only+because+I+wasn&quotechart+expecting+the+adjectives+to+be+fairly+similar.+Interesting+though.+%22crazy+expensive%22+didn&quotechart+mean+as+much+as+%22hugely+expensive%2C%22+%22exceedingly+expensive%2C%22+and+%22uncommonly+expensive.%22+If+I+were+talking+to+someone%2C+I+would+think+uncommonly+meant+the+most+expensive%2C+and+crazy+expensive+would+mean+the+least+(other+than+no+adjective+at+all!).+Crazy+is+more+like+it&quotechars+crazy+for+ME...+based+on+MY+budget.+Not+based+on+how+the+price+of+the+laptop%2Fcomputer%2Fwatch+was+relative+to+the+average+price+of+those+things.+If+that+makes+sense...+%3A)"	["31B404","DF0101","0404B4"]	["laptop","watch","coffee maker"]	"28"	"English"	13.0551333333
12	2TX806UFBNFSB8USVB051W6NIDYG2S	2AAV8ER9Y8TN0AM68UWKOHS2OQP5S1	Friends&quotechar Purchases	Tell us how much you think some friends have spent on different household items.	language research stanford fun	$0.40	Thu Sep 05 05:20:41 PDT 2013	80	0	0	79	Reviewable	NotReviewed	1 speech_act	1200	60000	Sun Jan 12 08:11:09 PST 2014	https://requester.mturk.com/mturk/manageHIT?HITId=2TX806UFBNFSB8USVB051W6NIDYG2S	2VR6R70G5R98T0JABMYW1STN5AGAQE	12	Approved	Thu Sep 05 22:25:43 PDT 2013	Thu Sep 05 05:36:42 PDT 2013	Thu Sep 05 05:45:43 PDT 2013	Thu Sep 05 09:45:42 PDT 2013					"Thanks!+Interesting."	["DF0101","31B404","0404B4"]	["laptop","watch","coffee maker"]	"35"	"English"	7.1016166667
13	2TX806UFBNFSB8USVB051W6NIDYG2S	2AAV8ER9Y8TN0AM68UWKOHS2OQP5S1	Friends&quotechar Purchases	Tell us how much you think some friends have spent on different household items.	language research stanford fun	$0.40	Thu Sep 05 05:20:41 PDT 2013	80	0	0	79	Reviewable	NotReviewed	1 speech_act	1200	60000	Sun Jan 12 08:11:09 PST 2014	https://requester.mturk.com/mturk/manageHIT?HITId=2TX806UFBNFSB8USVB051W6NIDYG2S	2Z5OBDDP8PJW0MDKO5DBCQ396XA4F0	13	Approved	Thu Sep 05 22:27:39 PDT 2013	Thu Sep 05 05:43:29 PDT 2013	Thu Sep 05 05:47:39 PDT 2013	Thu Sep 05 09:45:42 PDT 2013					"Fun+task!+I+enjoyed+participating!"	["31B404","DF0101","0404B4"]	["laptop","watch","coffee maker"]	"25"	"English"	4.1229166667
14	2TX806UFBNFSB8USVB051W6NIDYG2S	2AAV8ER9Y8TN0AM68UWKOHS2OQP5S1	Friends&quotechar Purchases	Tell us how much you think some friends have spent on different household items.	language research stanford fun	$0.40	Thu Sep 05 05:20:41 PDT 2013	80	0	0	79	Reviewable	NotReviewed	1 speech_act	1200	60000	Sun Jan 12 08:11:09 PST 2014	https://requester.mturk.com/mturk/manageHIT?HITId=2TX806UFBNFSB8USVB051W6NIDYG2S	28ZQEOZFYQS1SKTT4NORMS4IJYDKH4	14	Approved	Thu Sep 05 22:28:51 PDT 2013	Thu Sep 05 05:38:58 PDT 2013	Thu Sep 05 05:48:51 PDT 2013	Thu Sep 05 09:45:44 PDT 2013					"none"	["0404B4","31B404","DF0101"]	["laptop","watch","coffee maker"]	"52"	"english"	9.8508166667
15	2TX806UFBNFSB8USVB051W6NIDYG2S	2AAV8ER9Y8TN0AM68UWKOHS2OQP5S1	Friends&quotechar Purchases	Tell us how much you think some friends have spent on different household items.	language research stanford fun	$0.40	Thu Sep 05 05:20:41 PDT 2013	80	0	0	79	Reviewable	NotReviewed	1 speech_act	1200	60000	Sun Jan 12 08:11:09 PST 2014	https://requester.mturk.com/mturk/manageHIT?HITId=2TX806UFBNFSB8USVB051W6NIDYG2S	2EAXKO2L92HESOADDBPOLCF0JM4FEH	15	Approved	Thu Sep 05 22:31:03 PDT 2013	Thu Sep 05 05:46:54 PDT 2013	Thu Sep 05 05:51:03 PDT 2013	Thu Sep 05 09:45:43 PDT 2013					"This+was+interesting."	["DF0101","31B404","0404B4"]	["laptop","watch","coffee maker"]	"43"	"English"	4.0950166667
16	2TX806UFBNFSB8USVB051W6NIDYG2S	2AAV8ER9Y8TN0AM68UWKOHS2OQP5S1	Friends&quotechar Purchases	Tell us how much you think some friends have spent on different household items.	language research stanford fun	$0.40	Thu Sep 05 05:20:41 PDT 2013	80	0	0	79	Reviewable	NotReviewed	1 speech_act	1200	60000	Sun Jan 12 08:11:09 PST 2014	https://requester.mturk.com/mturk/manageHIT?HITId=2TX806UFBNFSB8USVB051W6NIDYG2S	2GPBAT2D5NQY3XFA68AGETYMU9V73E	16	Approved	Thu Sep 05 22:31:18 PDT 2013	Thu Sep 05 05:44:25 PDT 2013	Thu Sep 05 05:51:18 PDT 2013	Thu Sep 05 09:45:42 PDT 2013					""	["31B404","0404B4","DF0101"]	["laptop","watch","coffee maker"]	"32"	"english"	6.47875
17	2TX806UFBNFSB8USVB051W6NIDYG2S	2AAV8ER9Y8TN0AM68UWKOHS2OQP5S1	Friends&quotechar Purchases	Tell us how much you think some friends have spent on different household items.	language research stanford fun	$0.40	Thu Sep 05 05:20:41 PDT 2013	80	0	0	79	Reviewable	NotReviewed	1 speech_act	1200	60000	Sun Jan 12 08:11:09 PST 2014	https://requester.mturk.com/mturk/manageHIT?HITId=2TX806UFBNFSB8USVB051W6NIDYG2S	21KQV66RLPHI9VH2CIMKR62NQO26E8	17	Approved	Thu Sep 05 22:37:11 PDT 2013	Thu Sep 05 05:51:59 PDT 2013	Thu Sep 05 05:57:11 PDT 2013	Thu Sep 05 09:45:44 PDT 2013					""	["0404B4","31B404","DF0101"]	["laptop","watch","coffee maker"]	"37"	"English"	5.0875833333
18	2TX806UFBNFSB8USVB051W6NIDYG2S	2AAV8ER9Y8TN0AM68UWKOHS2OQP5S1	Friends&quotechar Purchases	Tell us how much you think some friends have spent on different household items.	language research stanford fun	$0.40	Thu Sep 05 05:20:41 PDT 2013	80	0	0	79	Reviewable	NotReviewed	1 speech_act	1200	60000	Sun Jan 12 08:11:09 PST 2014	https://requester.mturk.com/mturk/manageHIT?HITId=2TX806UFBNFSB8USVB051W6NIDYG2S	2VJGNTBJ3MMDDXFWNVX2THB9TAWWA1	18	Approved	Thu Sep 05 22:42:08 PDT 2013	Thu Sep 05 05:57:50 PDT 2013	Thu Sep 05 06:02:08 PDT 2013	Thu Sep 05 09:45:43 PDT 2013					""	["DF0101","31B404","0404B4"]	["laptop","watch","coffee maker"]	"41"	"English"	4.2709833333
19	2TX806UFBNFSB8USVB051W6NIDYG2S	2AAV8ER9Y8TN0AM68UWKOHS2OQP5S1	Friends&quotechar Purchases	Tell us how much you think some friends have spent on different household items.	language research stanford fun	$0.40	Thu Sep 05 05:20:41 PDT 2013	80	0	0	79	Reviewable	NotReviewed	1 speech_act	1200	60000	Sun Jan 12 08:11:09 PST 2014	https://requester.mturk.com/mturk/manageHIT?HITId=2TX806UFBNFSB8USVB051W6NIDYG2S	21QNJ92NJKM0L3MQ928Y52GTW6QD85	19	Approved	Thu Sep 05 22:42:34 PDT 2013	Thu Sep 05 05:46:04 PDT 2013	Thu Sep 05 06:02:34 PDT 2013	Thu Sep 05 09:45:42 PDT 2013					""	["0404B4","DF0101","31B404"]	["laptop","watch","coffee maker"]	"53"	"English"	16.4092833333
20	2TX806UFBNFSB8USVB051W6NIDYG2S	2AAV8ER9Y8TN0AM68UWKOHS2OQP5S1	Friends&quotechar Purchases	Tell us how much you think some friends have spent on different household items.	language research stanford fun	$0.40	Thu Sep 05 05:20:41 PDT 2013	80	0	0	79	Reviewable	NotReviewed	1 speech_act	1200	60000	Sun Jan 12 08:11:09 PST 2014	https://requester.mturk.com/mturk/manageHIT?HITId=2TX806UFBNFSB8USVB051W6NIDYG2S	23H9RA7S5WM1M1YZ4NY0SMHLISCUZC	20	Approved	Thu Sep 12 22:53:19 PDT 2013	Thu Sep 12 06:08:50 PDT 2013	Thu Sep 12 06:13:19 PDT 2013	Thu Sep 12 10:29:16 PDT 2013					""	["31B404","DF0101","0404B4"]	["laptop","watch","coffee maker"]	"37"	"English"	4.4353666667
21	2TX806UFBNFSB8USVB051W6NIDYG2S	2AAV8ER9Y8TN0AM68UWKOHS2OQP5S1	Friends&quotechar Purchases	Tell us how much you think some friends have spent on different household items.	language research stanford fun	$0.40	Thu Sep 05 05:20:41 PDT 2013	80	0	0	79	Reviewable	NotReviewed	1 speech_act	1200	60000	Sun Jan 12 08:11:09 PST 2014	https://requester.mturk.com/mturk/manageHIT?HITId=2TX806UFBNFSB8USVB051W6NIDYG2S	280TNKIMZSM507HZIWD0YGVFBS4ZC6	21	Approved	Thu Sep 12 22:56:45 PDT 2013	Thu Sep 12 06:11:09 PDT 2013	Thu Sep 12 06:16:45 PDT 2013	Thu Sep 12 10:29:17 PDT 2013					""	["31B404","0404B4","DF0101"]	["laptop","watch","coffee maker"]	"31"	"English+"	5.57945
22	2TX806UFBNFSB8USVB051W6NIDYG2S	2AAV8ER9Y8TN0AM68UWKOHS2OQP5S1	Friends&quotechar Purchases	Tell us how much you think some friends have spent on different household items.	language research stanford fun	$0.40	Thu Sep 05 05:20:41 PDT 2013	80	0	0	79	Reviewable	NotReviewed	1 speech_act	1200	60000	Sun Jan 12 08:11:09 PST 2014	https://requester.mturk.com/mturk/manageHIT?HITId=2TX806UFBNFSB8USVB051W6NIDYG2S	29UMIKMN9U8PPQ3F94NXR3SU6S6BS8	22	Approved	Thu Sep 12 23:04:12 PDT 2013	Thu Sep 12 06:18:43 PDT 2013	Thu Sep 12 06:24:12 PDT 2013	Thu Sep 12 10:29:17 PDT 2013					""	["0404B4","31B404","DF0101"]	["laptop","watch","coffee maker"]	"44"	"english"	5.4526166667
23	2TX806UFBNFSB8USVB051W6NIDYG2S	2AAV8ER9Y8TN0AM68UWKOHS2OQP5S1	Friends&quotechar Purchases	Tell us how much you think some friends have spent on different household items.	language research stanford fun	$0.40	Thu Sep 05 05:20:41 PDT 2013	80	0	0	79	Reviewable	NotReviewed	1 speech_act	1200	60000	Sun Jan 12 08:11:09 PST 2014	https://requester.mturk.com/mturk/manageHIT?HITId=2TX806UFBNFSB8USVB051W6NIDYG2S	2I0MQU6L5OBVSA1YD5VARJF7O4LEXJ	23	Approved	Thu Sep 12 23:09:54 PDT 2013	Thu Sep 12 06:23:44 PDT 2013	Thu Sep 12 06:29:54 PDT 2013	Thu Sep 12 10:29:17 PDT 2013					"At+first+I+was+reading+the+entire+sentence+but+by+the+end+I+was+just+identifying+whether+it+was+the+watch%2C+coffee+maker+or+laptop+and+seeing+what+adjective%2C+if+any%2C+was+in+front+of+expensive.+Also%2C+some+of+the+adjectives+didn&quotechart+really+seem+appropriate.+No+one+has+ever+said+that+something+they+bought+was+vastly+expensive.+Hard+to+associate+a+quantitative+value+with+a+phrase+that+is+never+said."	["0404B4","31B404","DF0101"]	["laptop","watch","coffee maker"]	"25"	"English"	6.12235
24	2TX806UFBNFSB8USVB051W6NIDYG2S	2AAV8ER9Y8TN0AM68UWKOHS2OQP5S1	Friends&quotechar Purchases	Tell us how much you think some friends have spent on different household items.	language research stanford fun	$0.40	Thu Sep 05 05:20:41 PDT 2013	80	0	0	79	Reviewable	NotReviewed	1 speech_act	1200	60000	Sun Jan 12 08:11:09 PST 2014	https://requester.mturk.com/mturk/manageHIT?HITId=2TX806UFBNFSB8USVB051W6NIDYG2S	2OQ5COW0LGRZJ0CYVT364NUZ4NB7YW	24	Approved	Thu Sep 12 23:28:35 PDT 2013	Thu Sep 12 06:42:18 PDT 2013	Thu Sep 12 06:48:35 PDT 2013	Thu Sep 12 10:29:15 PDT 2013					""	["DF0101","31B404","0404B4"]	["laptop","watch","coffee maker"]	"42"	"English"	6.2522666667
25	2TX806UFBNFSB8USVB051W6NIDYG2S	2AAV8ER9Y8TN0AM68UWKOHS2OQP5S1	Friends&quotechar Purchases	Tell us how much you think some friends have spent on different household items.	language research stanford fun	$0.40	Thu Sep 05 05:20:41 PDT 2013	80	0	0	79	Reviewable	NotReviewed	1 speech_act	1200	60000	Sun Jan 12 08:11:09 PST 2014	https://requester.mturk.com/mturk/manageHIT?HITId=2TX806UFBNFSB8USVB051W6NIDYG2S	2GJLPHIT3HVWQNKPMAEJZ217A9UBJT	25	Approved	Thu Sep 12 23:29:53 PDT 2013	Thu Sep 12 06:44:56 PDT 2013	Thu Sep 12 06:49:53 PDT 2013	Thu Sep 12 10:29:17 PDT 2013					""	["DF0101","31B404","0404B4"]	["laptop","watch","coffee maker"]	"47"	"English"	4.90705
26	2TX806UFBNFSB8USVB051W6NIDYG2S	2AAV8ER9Y8TN0AM68UWKOHS2OQP5S1	Friends&quotechar Purchases	Tell us how much you think some friends have spent on different household items.	language research stanford fun	$0.40	Thu Sep 05 05:20:41 PDT 2013	80	0	0	79	Reviewable	NotReviewed	1 speech_act	1200	60000	Sun Jan 12 08:11:09 PST 2014	https://requester.mturk.com/mturk/manageHIT?HITId=2TX806UFBNFSB8USVB051W6NIDYG2S	277B0HFL42J11Q5FRFT7V0IGNU20LY	26	Approved	Thu Sep 12 23:31:56 PDT 2013	Thu Sep 12 06:46:56 PDT 2013	Thu Sep 12 06:51:56 PDT 2013	Thu Sep 12 10:29:16 PDT 2013					""	["31B404","0404B4","DF0101"]	["laptop","watch","coffee maker"]	"24"	"English"	4.9745333333
27	2TX806UFBNFSB8USVB051W6NIDYG2S	2AAV8ER9Y8TN0AM68UWKOHS2OQP5S1	Friends&quotechar Purchases	Tell us how much you think some friends have spent on different household items.	language research stanford fun	$0.40	Thu Sep 05 05:20:41 PDT 2013	80	0	0	79	Reviewable	NotReviewed	1 speech_act	1200	60000	Sun Jan 12 08:11:09 PST 2014	https://requester.mturk.com/mturk/manageHIT?HITId=2TX806UFBNFSB8USVB051W6NIDYG2S	25EEC1PC6SK97B8C479ZNHMAIZ70OF	27	Approved	Thu Sep 12 23:33:31 PDT 2013	Thu Sep 12 06:49:22 PDT 2013	Thu Sep 12 06:53:31 PDT 2013	Thu Sep 12 10:29:16 PDT 2013					""	["31B404","DF0101","0404B4"]	["laptop","watch","coffee maker"]	"41"	"english"	4.1121166667
28	2TX806UFBNFSB8USVB051W6NIDYG2S	2AAV8ER9Y8TN0AM68UWKOHS2OQP5S1	Friends&quotechar Purchases	Tell us how much you think some friends have spent on different household items.	language research stanford fun	$0.40	Thu Sep 05 05:20:41 PDT 2013	80	0	0	79	Reviewable	NotReviewed	1 speech_act	1200	60000	Sun Jan 12 08:11:09 PST 2014	https://requester.mturk.com/mturk/manageHIT?HITId=2TX806UFBNFSB8USVB051W6NIDYG2S	28O2GTP9RA7SLOM8MHPSXF70RW2VQA	28	Approved	Thu Sep 12 23:43:28 PDT 2013	Thu Sep 12 06:58:22 PDT 2013	Thu Sep 12 07:03:28 PDT 2013	Thu Sep 12 10:29:15 PDT 2013					"none%2C+thank+you"	["0404B4","31B404","DF0101"]	["laptop","watch","coffee maker"]	"59"	"english"	4.9752833333
29	2TX806UFBNFSB8USVB051W6NIDYG2S	2AAV8ER9Y8TN0AM68UWKOHS2OQP5S1	Friends&quotechar Purchases	Tell us how much you think some friends have spent on different household items.	language research stanford fun	$0.40	Thu Sep 05 05:20:41 PDT 2013	80	0	0	79	Reviewable	NotReviewed	1 speech_act	1200	60000	Sun Jan 12 08:11:09 PST 2014	https://requester.mturk.com/mturk/manageHIT?HITId=2TX806UFBNFSB8USVB051W6NIDYG2S	2MOYB49F9SSSXP18ZWES25H5NI4VRB	29	Approved	Thu Sep 12 23:46:04 PDT 2013	Thu Sep 12 06:58:31 PDT 2013	Thu Sep 12 07:06:04 PDT 2013	Thu Sep 12 10:29:15 PDT 2013					"No+comments"	["31B404","DF0101","0404B4"]	["laptop","watch","coffee maker"]	"60"	"English"	7.5014
30	2TX806UFBNFSB8USVB051W6NIDYG2S	2AAV8ER9Y8TN0AM68UWKOHS2OQP5S1	Friends&quotechar Purchases	Tell us how much you think some friends have spent on different household items.	language research stanford fun	$0.40	Thu Sep 05 05:20:41 PDT 2013	80	0	0	79	Reviewable	NotReviewed	1 speech_act	1200	60000	Sun Jan 12 08:11:09 PST 2014	https://requester.mturk.com/mturk/manageHIT?HITId=2TX806UFBNFSB8USVB051W6NIDYG2S	2OFLVWJ5OPB0ENG6O6DWK7EPH4T3VK	30	Approved	Fri Sep 13 00:12:16 PDT 2013	Thu Sep 12 07:27:53 PDT 2013	Thu Sep 12 07:32:16 PDT 2013	Thu Sep 12 10:29:17 PDT 2013					"I+hope+it&quotechars+not+cross-referenced.+I+answered+the+questions+as+they+came+individually.+"	["DF0101","31B404","0404B4"]	["laptop","watch","coffee maker"]	"22"	"English"	4.3372833333
31	2TX806UFBNFSB8USVB051W6NIDYG2S	2AAV8ER9Y8TN0AM68UWKOHS2OQP5S1	Friends&quotechar Purchases	Tell us how much you think some friends have spent on different household items.	language research stanford fun	$0.40	Thu Sep 05 05:20:41 PDT 2013	80	0	0	79	Reviewable	NotReviewed	1 speech_act	1200	60000	Sun Jan 12 08:11:09 PST 2014	https://requester.mturk.com/mturk/manageHIT?HITId=2TX806UFBNFSB8USVB051W6NIDYG2S	2A9FL42J1LY5O379NURIPFKHLBWO33	31	Approved	Fri Sep 13 00:17:46 PDT 2013	Thu Sep 12 07:31:55 PDT 2013	Thu Sep 12 07:37:46 PDT 2013	Thu Sep 12 10:29:18 PDT 2013					"thanks"	["0404B4","DF0101","31B404"]	["laptop","watch","coffee maker"]	"40"	"English"	5.7361
32	2TX806UFBNFSB8USVB051W6NIDYG2S	2AAV8ER9Y8TN0AM68UWKOHS2OQP5S1	Friends&quotechar Purchases	Tell us how much you think some friends have spent on different household items.	language research stanford fun	$0.40	Thu Sep 05 05:20:41 PDT 2013	80	0	0	79	Reviewable	NotReviewed	1 speech_act	1200	60000	Sun Jan 12 08:11:09 PST 2014	https://requester.mturk.com/mturk/manageHIT?HITId=2TX806UFBNFSB8USVB051W6NIDYG2S	2BTK274J79KQCY1F3CXU6FCDCFRFHJ	32	Approved	Fri Sep 13 00:39:14 PDT 2013	Thu Sep 12 07:51:52 PDT 2013	Thu Sep 12 07:59:14 PDT 2013	Thu Sep 12 10:29:18 PDT 2013					"none"	["0404B4","DF0101","31B404"]	["laptop","watch","coffee maker"]	"43"	"English"	7.3299333333
33	2TX806UFBNFSB8USVB051W6NIDYG2S	2AAV8ER9Y8TN0AM68UWKOHS2OQP5S1	Friends&quotechar Purchases	Tell us how much you think some friends have spent on different household items.	language research stanford fun	$0.40	Thu Sep 05 05:20:41 PDT 2013	80	0	0	79	Reviewable	NotReviewed	1 speech_act	1200	60000	Sun Jan 12 08:11:09 PST 2014	https://requester.mturk.com/mturk/manageHIT?HITId=2TX806UFBNFSB8USVB051W6NIDYG2S	2H1KQW618N46APFJTCWXLETNL2HMOL	33	Approved	Fri Sep 13 00:42:07 PDT 2013	Thu Sep 12 07:56:41 PDT 2013	Thu Sep 12 08:02:07 PDT 2013	Thu Sep 12 10:29:16 PDT 2013					""	["DF0101","0404B4","31B404"]	["laptop","watch","coffee maker"]	"37"	"English"	5.3818666667
34	2TX806UFBNFSB8USVB051W6NIDYG2S	2AAV8ER9Y8TN0AM68UWKOHS2OQP5S1	Friends&quotechar Purchases	Tell us how much you think some friends have spent on different household items.	language research stanford fun	$0.40	Thu Sep 05 05:20:41 PDT 2013	80	0	0	79	Reviewable	NotReviewed	1 speech_act	1200	60000	Sun Jan 12 08:11:09 PST 2014	https://requester.mturk.com/mturk/manageHIT?HITId=2TX806UFBNFSB8USVB051W6NIDYG2S	2KNKI62NJQ21NUZGPY86KKLC3PBUME	34	Approved	Fri Sep 13 01:09:51 PDT 2013	Thu Sep 12 08:21:44 PDT 2013	Thu Sep 12 08:29:51 PDT 2013	Thu Sep 12 10:29:16 PDT 2013					"When+you+put+two+expensive+things+one+after+another%2C+i+have+a+reference+point."	["DF0101","0404B4","31B404"]	["laptop","watch","coffee maker"]	"21"	"English"	8.0837833333
35	2TX806UFBNFSB8USVB051W6NIDYG2S	2AAV8ER9Y8TN0AM68UWKOHS2OQP5S1	Friends&quotechar Purchases	Tell us how much you think some friends have spent on different household items.	language research stanford fun	$0.40	Thu Sep 05 05:20:41 PDT 2013	80	0	0	79	Reviewable	NotReviewed	1 speech_act	1200	60000	Sun Jan 12 08:11:09 PST 2014	https://requester.mturk.com/mturk/manageHIT?HITId=2TX806UFBNFSB8USVB051W6NIDYG2S	2R5M25L8I9NZCYHLFEFEDQW71JAISA	35	Approved	Fri Sep 13 01:25:48 PDT 2013	Thu Sep 12 08:36:18 PDT 2013	Thu Sep 12 08:45:48 PDT 2013	Thu Sep 12 10:29:15 PDT 2013					"none."	["DF0101","31B404","0404B4"]	["laptop","watch","coffee maker"]	"38"	"English"	9.4539333333
36	2TX806UFBNFSB8USVB051W6NIDYG2S	2AAV8ER9Y8TN0AM68UWKOHS2OQP5S1	Friends&quotechar Purchases	Tell us how much you think some friends have spent on different household items.	language research stanford fun	$0.40	Thu Sep 05 05:20:41 PDT 2013	80	0	0	79	Reviewable	NotReviewed	1 speech_act	1200	60000	Sun Jan 12 08:11:09 PST 2014	https://requester.mturk.com/mturk/manageHIT?HITId=2TX806UFBNFSB8USVB051W6NIDYG2S	2GZD1X3V0FK0SGK9ZMSMGPKKHWZELN	36	Approved	Fri Sep 13 01:45:50 PDT 2013	Thu Sep 12 08:56:09 PDT 2013	Thu Sep 12 09:05:50 PDT 2013	Thu Sep 12 10:29:16 PDT 2013					"Interesting"	["DF0101","31B404","0404B4"]	["laptop","watch","coffee maker"]	"35"	"spanish"	9.49675
37	2TX806UFBNFSB8USVB051W6NIDYG2S	2AAV8ER9Y8TN0AM68UWKOHS2OQP5S1	Friends&quotechar Purchases	Tell us how much you think some friends have spent on different household items.	language research stanford fun	$0.40	Thu Sep 05 05:20:41 PDT 2013	80	0	0	79	Reviewable	NotReviewed	1 speech_act	1200	60000	Sun Jan 12 08:11:09 PST 2014	https://requester.mturk.com/mturk/manageHIT?HITId=2TX806UFBNFSB8USVB051W6NIDYG2S	2Y4CF0CP5KXP9ANPY5PGDPM7V9EWX7	37	Approved	Fri Sep 13 01:47:56 PDT 2013	Thu Sep 12 09:03:39 PDT 2013	Thu Sep 12 09:07:56 PDT 2013	Thu Sep 12 10:29:17 PDT 2013					"It+was+interesting!"	["31B404","0404B4","DF0101"]	["laptop","watch","coffee maker"]	"28"	"English"	4.2390166667
38	2TX806UFBNFSB8USVB051W6NIDYG2S	2AAV8ER9Y8TN0AM68UWKOHS2OQP5S1	Friends&quotechar Purchases	Tell us how much you think some friends have spent on different household items.	language research stanford fun	$0.40	Thu Sep 05 05:20:41 PDT 2013	80	0	0	79	Reviewable	NotReviewed	1 speech_act	1200	60000	Sun Jan 12 08:11:09 PST 2014	https://requester.mturk.com/mturk/manageHIT?HITId=2TX806UFBNFSB8USVB051W6NIDYG2S	29YR70G5R98DOB32UFNS1TNYKRFBRE	38	Approved	Fri Sep 13 01:59:18 PDT 2013	Thu Sep 12 09:12:49 PDT 2013	Thu Sep 12 09:19:18 PDT 2013	Thu Sep 12 10:29:15 PDT 2013					"I+found+a+lot+of+the+words+to+similar+to+create+a+distinction+in+price."	["DF0101","31B404","0404B4"]	["laptop","watch","coffee maker"]	"30"	"English"	6.4490333333
39	2TX806UFBNFSB8USVB051W6NIDYG2S	2AAV8ER9Y8TN0AM68UWKOHS2OQP5S1	Friends&quotechar Purchases	Tell us how much you think some friends have spent on different household items.	language research stanford fun	$0.40	Thu Sep 05 05:20:41 PDT 2013	80	0	0	79	Reviewable	NotReviewed	1 speech_act	1200	60000	Sun Jan 12 08:11:09 PST 2014	https://requester.mturk.com/mturk/manageHIT?HITId=2TX806UFBNFSB8USVB051W6NIDYG2S	2IHJWKUDD8XMRVQAP7RBFUTOE4KBMU	39	Approved	Fri Sep 13 02:26:12 PDT 2013	Thu Sep 12 09:40:04 PDT 2013	Thu Sep 12 09:46:12 PDT 2013	Thu Sep 12 10:29:17 PDT 2013					""	["DF0101","0404B4","31B404"]	["laptop","watch","coffee maker"]	"20"	"English"	6.0849666667
40	2TX806UFBNFSB8USVB051W6NIDYG2S	2AAV8ER9Y8TN0AM68UWKOHS2OQP5S1	Friends&quotechar Purchases	Tell us how much you think some friends have spent on different household items.	language research stanford fun	$0.40	Thu Sep 05 05:20:41 PDT 2013	80	0	0	79	Reviewable	NotReviewed	1 speech_act	1200	60000	Sun Jan 12 08:11:09 PST 2014	https://requester.mturk.com/mturk/manageHIT?HITId=2TX806UFBNFSB8USVB051W6NIDYG2S	2TAA0RYNJ92NZCM7LJDJ2UHYA4X497	40	Approved	Thu Jan 09 01:11:09 PST 2014	Wed Jan 08 08:27:03 PST 2014	Wed Jan 08 08:31:09 PST 2014	Wed Jan 08 08:36:11 PST 2014					"none"	["F87217","0404B4","E4287C","DF0101","31B404"]	["laptop","watch","coffee maker","sweater","headphones"]	"54"	"English"	4.0596333333
41	2TX806UFBNFSB8USVB051W6NIDYG2S	2AAV8ER9Y8TN0AM68UWKOHS2OQP5S1	Friends&quotechar Purchases	Tell us how much you think some friends have spent on different household items.	language research stanford fun	$0.40	Thu Sep 05 05:20:41 PDT 2013	80	0	0	79	Reviewable	NotReviewed	1 speech_act	1200	60000	Sun Jan 12 08:11:09 PST 2014	https://requester.mturk.com/mturk/manageHIT?HITId=2TX806UFBNFSB8USVB051W6NIDYG2S	2PC0COK2JE1MNHKRPTIWFOZAQ2LTMR	41	Approved	Thu Jan 09 01:19:04 PST 2014	Wed Jan 08 08:32:32 PST 2014	Wed Jan 08 08:39:04 PST 2014	Wed Jan 08 10:07:16 PST 2014					""	["DF0101","E4287C","31B404","F87217","0404B4"]	["laptop","watch","coffee maker","sweater","headphones"]	"29"	"English"	6.2372333333
42	2TX806UFBNFSB8USVB051W6NIDYG2S	2AAV8ER9Y8TN0AM68UWKOHS2OQP5S1	Friends&quotechar Purchases	Tell us how much you think some friends have spent on different household items.	language research stanford fun	$0.40	Thu Sep 05 05:20:41 PDT 2013	80	0	0	79	Reviewable	NotReviewed	1 speech_act	1200	60000	Sun Jan 12 08:11:09 PST 2014	https://requester.mturk.com/mturk/manageHIT?HITId=2TX806UFBNFSB8USVB051W6NIDYG2S	2IBIA0RYNJ923BKTGD2MSTUHCYJ38W	42	Approved	Thu Jan 09 01:20:40 PST 2014	Wed Jan 08 08:36:39 PST 2014	Wed Jan 08 08:40:40 PST 2014	Wed Jan 08 10:07:16 PST 2014					"I+was+worried+I+was+supposed+to+be+remembering+my+prior+responses+and+repeating+them.+I+hope+that+wasn&quotechart+the+goal.+Thank+you+for+letting+me+participate!"	["DF0101","0404B4","F87217","E4287C","31B404"]	["laptop","watch","coffee maker","sweater","headphones"]	"38"	"English"	3.97025
43	2TX806UFBNFSB8USVB051W6NIDYG2S	2AAV8ER9Y8TN0AM68UWKOHS2OQP5S1	Friends&quotechar Purchases	Tell us how much you think some friends have spent on different household items.	language research stanford fun	$0.40	Thu Sep 05 05:20:41 PDT 2013	80	0	0	79	Reviewable	NotReviewed	1 speech_act	1200	60000	Sun Jan 12 08:11:09 PST 2014	https://requester.mturk.com/mturk/manageHIT?HITId=2TX806UFBNFSB8USVB051W6NIDYG2S	2DYXBAT2D5NQEF5MJYRJP5TY0PU26Z	43	Approved	Thu Jan 09 01:21:55 PST 2014	Wed Jan 08 08:36:34 PST 2014	Wed Jan 08 08:41:55 PST 2014	Wed Jan 08 10:07:16 PST 2014					"Interesting+survey+-+what+constitutes+%22more%22..."	["31B404","DF0101","0404B4","E4287C","F87217"]	["laptop","watch","coffee maker","sweater","headphones"]	"55"	"English"	5.28945
44	2TX806UFBNFSB8USVB051W6NIDYG2S	2AAV8ER9Y8TN0AM68UWKOHS2OQP5S1	Friends&quotechar Purchases	Tell us how much you think some friends have spent on different household items.	language research stanford fun	$0.40	Thu Sep 05 05:20:41 PDT 2013	80	0	0	79	Reviewable	NotReviewed	1 speech_act	1200	60000	Sun Jan 12 08:11:09 PST 2014	https://requester.mturk.com/mturk/manageHIT?HITId=2TX806UFBNFSB8USVB051W6NIDYG2S	2DN0FK0COK2JUTME5SB9URW621RJQZ	44	Approved	Thu Jan 09 01:26:49 PST 2014	Wed Jan 08 08:37:08 PST 2014	Wed Jan 08 08:46:49 PST 2014	Wed Jan 08 10:07:16 PST 2014					"I+liked+it"	["DF0101","F87217","E4287C","0404B4","31B404"]	["laptop","watch","coffee maker","sweater","headphones"]	"26"	"english"	2.7303833333
45	2TX806UFBNFSB8USVB051W6NIDYG2S	2AAV8ER9Y8TN0AM68UWKOHS2OQP5S1	Friends&quotechar Purchases	Tell us how much you think some friends have spent on different household items.	language research stanford fun	$0.40	Thu Sep 05 05:20:41 PDT 2013	80	0	0	79	Reviewable	NotReviewed	1 speech_act	1200	60000	Sun Jan 12 08:11:09 PST 2014	https://requester.mturk.com/mturk/manageHIT?HITId=2TX806UFBNFSB8USVB051W6NIDYG2S	20YSVQ8H88MQAYLC4JMCR1RXB6S7QH	45	Approved	Thu Jan 09 01:26:57 PST 2014	Wed Jan 08 08:38:44 PST 2014	Wed Jan 08 08:46:57 PST 2014	Wed Jan 08 10:07:16 PST 2014					"%22tad%22%2C+%22slightly%22%2C+%22moderately%22%2C+%22sort+of%22%2C+%22bit%22...can+mean+so+many+different+things+based+on+the+item+and+the+sex+of+the+person+purchasing+the+item.++Can+be+confusing!"	["31B404","F87217","DF0101","E4287C","0404B4"]	["laptop","watch","coffee maker","sweater","headphones"]	"60"	"English"	8.1828
46	2TX806UFBNFSB8USVB051W6NIDYG2S	2AAV8ER9Y8TN0AM68UWKOHS2OQP5S1	Friends&quotechar Purchases	Tell us how much you think some friends have spent on different household items.	language research stanford fun	$0.40	Thu Sep 05 05:20:41 PDT 2013	80	0	0	79	Reviewable	NotReviewed	1 speech_act	1200	60000	Sun Jan 12 08:11:09 PST 2014	https://requester.mturk.com/mturk/manageHIT?HITId=2TX806UFBNFSB8USVB051W6NIDYG2S	2DYXBAT2D5NQEF5MJYRJP5TY0PV624	46	Approved	Thu Jan 09 01:52:59 PST 2014	Wed Jan 08 09:07:37 PST 2014	Wed Jan 08 09:12:59 PST 2014	Wed Jan 08 10:07:16 PST 2014					"Thank+you!+%3B-)"	["31B404","0404B4","F87217","E4287C","DF0101"]	["laptop","watch","coffee maker","sweater","headphones"]	"45"	"English"	4.1256333333
47	2TX806UFBNFSB8USVB051W6NIDYG2S	2AAV8ER9Y8TN0AM68UWKOHS2OQP5S1	Friends&quotechar Purchases	Tell us how much you think some friends have spent on different household items.	language research stanford fun	$0.40	Thu Sep 05 05:20:41 PDT 2013	80	0	0	79	Reviewable	NotReviewed	1 speech_act	1200	60000	Sun Jan 12 08:11:09 PST 2014	https://requester.mturk.com/mturk/manageHIT?HITId=2TX806UFBNFSB8USVB051W6NIDYG2S	2ZYAUC26DG67TTXAB86K9COKGLY5CX	47	Approved	Thu Jan 09 02:12:09 PST 2014	Wed Jan 08 09:28:13 PST 2014	Wed Jan 08 09:32:09 PST 2014	Wed Jan 08 10:07:17 PST 2014					""	["31B404","F87217","0404B4","E4287C","DF0101"]	["laptop","watch","coffee maker","sweater","headphones"]	"32"	"american+englsh"	3.80575
48	2TX806UFBNFSB8USVB051W6NIDYG2S	2AAV8ER9Y8TN0AM68UWKOHS2OQP5S1	Friends&quotechar Purchases	Tell us how much you think some friends have spent on different household items.	language research stanford fun	$0.40	Thu Sep 05 05:20:41 PDT 2013	80	0	0	79	Reviewable	NotReviewed	1 speech_act	1200	60000	Sun Jan 12 08:11:09 PST 2014	https://requester.mturk.com/mturk/manageHIT?HITId=2TX806UFBNFSB8USVB051W6NIDYG2S	2LUYU98JHSTLRVL7VJA9ROBJSLBDPR	48	Approved	Thu Jan 09 02:13:21 PST 2014	Wed Jan 08 09:30:22 PST 2014	Wed Jan 08 09:33:21 PST 2014	Wed Jan 08 10:07:17 PST 2014					"Thanks!"	["31B404","F87217","0404B4","E4287C","DF0101"]	["laptop","watch","coffee maker","sweater","headphones"]	"35"	"English"	2.9131166667
49	2TX806UFBNFSB8USVB051W6NIDYG2S	2AAV8ER9Y8TN0AM68UWKOHS2OQP5S1	Friends&quotechar Purchases	Tell us how much you think some friends have spent on different household items.	language research stanford fun	$0.40	Thu Sep 05 05:20:41 PDT 2013	80	0	0	79	Reviewable	NotReviewed	1 speech_act	1200	60000	Sun Jan 12 08:11:09 PST 2014	https://requester.mturk.com/mturk/manageHIT?HITId=2TX806UFBNFSB8USVB051W6NIDYG2S	2JQ8TNKIMZSMLCFO8AFM9PGVT52YBZ	49	Approved	Thu Jan 09 02:41:27 PST 2014	Wed Jan 08 09:56:07 PST 2014	Wed Jan 08 10:01:27 PST 2014	Wed Jan 08 10:07:17 PST 2014					"This+was+very+interesting"	["DF0101","F87217","E4287C","31B404","0404B4"]	["laptop","watch","coffee maker","sweater","headphones"]	"63"	"English"	5.2009833333
50	2TX806UFBNFSB8USVB051W6NIDYG2S	2AAV8ER9Y8TN0AM68UWKOHS2OQP5S1	Friends&quotechar Purchases	Tell us how much you think some friends have spent on different household items.	language research stanford fun	$0.40	Thu Sep 05 05:20:41 PDT 2013	80	0	0	79	Reviewable	NotReviewed	1 speech_act	1200	60000	Sun Jan 12 08:11:09 PST 2014	https://requester.mturk.com/mturk/manageHIT?HITId=2TX806UFBNFSB8USVB051W6NIDYG2S	2U4CVLL3CA3329AW6C39WQU7BZ59ZT	50	Approved	Thu Jan 09 02:45:40 PST 2014	Wed Jan 08 10:00:37 PST 2014	Wed Jan 08 10:05:40 PST 2014	Wed Jan 08 10:07:17 PST 2014					""	["E4287C","0404B4","31B404","F87217","DF0101"]	["laptop","watch","coffee maker","sweater","headphones"]	"51"	"English"	5.0304
51	2TX806UFBNFSB8USVB051W6NIDYG2S	2AAV8ER9Y8TN0AM68UWKOHS2OQP5S1	Friends&quotechar Purchases	Tell us how much you think some friends have spent on different household items.	language research stanford fun	$0.40	Thu Sep 05 05:20:41 PDT 2013	80	0	0	79	Reviewable	NotReviewed	1 speech_act	1200	60000	Sun Jan 12 08:11:09 PST 2014	https://requester.mturk.com/mturk/manageHIT?HITId=2TX806UFBNFSB8USVB051W6NIDYG2S	2SHDOBDDP8PJCCUKTGOMK3Q3N1ME3B	51	Approved	Thu Jan 09 03:04:44 PST 2014	Wed Jan 08 10:19:15 PST 2014	Wed Jan 08 10:24:44 PST 2014	Wed Jan 08 10:40:31 PST 2014					""	["E4287C","F87217","31B404","0404B4","DF0101"]	["laptop","watch","coffee maker","sweater","headphones"]	"20"	"english"	5.4471833333
52	2TX806UFBNFSB8USVB051W6NIDYG2S	2AAV8ER9Y8TN0AM68UWKOHS2OQP5S1	Friends&quotechar Purchases	Tell us how much you think some friends have spent on different household items.	language research stanford fun	$0.40	Thu Sep 05 05:20:41 PDT 2013	80	0	0	79	Reviewable	NotReviewed	1 speech_act	1200	60000	Sun Jan 12 08:11:09 PST 2014	https://requester.mturk.com/mturk/manageHIT?HITId=2TX806UFBNFSB8USVB051W6NIDYG2S	22N7WGKCCVLLJ4AAJU8AYQ4CNPCU4T	52	Approved	Thu Jan 09 03:08:49 PST 2014	Wed Jan 08 10:25:38 PST 2014	Wed Jan 08 10:28:49 PST 2014	Wed Jan 08 10:40:31 PST 2014					""	["0404B4","31B404","E4287C","DF0101","F87217"]	["laptop","watch","coffee maker","sweater","headphones"]	"24"	"English"	3.1467833333
53	2TX806UFBNFSB8USVB051W6NIDYG2S	2AAV8ER9Y8TN0AM68UWKOHS2OQP5S1	Friends&quotechar Purchases	Tell us how much you think some friends have spent on different household items.	language research stanford fun	$0.40	Thu Sep 05 05:20:41 PDT 2013	80	0	0	79	Reviewable	NotReviewed	1 speech_act	1200	60000	Sun Jan 12 08:11:09 PST 2014	https://requester.mturk.com/mturk/manageHIT?HITId=2TX806UFBNFSB8USVB051W6NIDYG2S	2DC4F0OHOVR1KAXR4AC9BHECACS43V	53	Approved	Thu Jan 09 03:14:58 PST 2014	Wed Jan 08 10:26:37 PST 2014	Wed Jan 08 10:34:58 PST 2014	Wed Jan 08 10:40:32 PST 2014					"i+was+surprised+at+how+my+perceptions+of+the+differing+levels+of+expensiveness+became+a+little+blurred+through+repetition"	["F87217","DF0101","E4287C","0404B4","31B404"]	["laptop","watch","coffee maker","sweater","headphones"]	"36"	"english"	8.3164333333
54	2TX806UFBNFSB8USVB051W6NIDYG2S	2AAV8ER9Y8TN0AM68UWKOHS2OQP5S1	Friends&quotechar Purchases	Tell us how much you think some friends have spent on different household items.	language research stanford fun	$0.40	Thu Sep 05 05:20:41 PDT 2013	80	0	0	79	Reviewable	NotReviewed	1 speech_act	1200	60000	Sun Jan 12 08:11:09 PST 2014	https://requester.mturk.com/mturk/manageHIT?HITId=2TX806UFBNFSB8USVB051W6NIDYG2S	25GK5UFJ51Y766O6V6HSACST0Q28BY	54	Approved	Thu Jan 09 03:25:18 PST 2014	Wed Jan 08 10:41:25 PST 2014	Wed Jan 08 10:45:18 PST 2014	Wed Jan 08 12:30:11 PST 2014					""	["0404B4","E4287C","F87217","DF0101","31B404"]	["laptop","watch","coffee maker","sweater","headphones"]	"40"	"english"	3.8513333333
55	2TX806UFBNFSB8USVB051W6NIDYG2S	2AAV8ER9Y8TN0AM68UWKOHS2OQP5S1	Friends&quotechar Purchases	Tell us how much you think some friends have spent on different household items.	language research stanford fun	$0.40	Thu Sep 05 05:20:41 PDT 2013	80	0	0	79	Reviewable	NotReviewed	1 speech_act	1200	60000	Sun Jan 12 08:11:09 PST 2014	https://requester.mturk.com/mturk/manageHIT?HITId=2TX806UFBNFSB8USVB051W6NIDYG2S	2TNCNHMVHVKCZS180AY4S79K4YU24K	55	Approved	Thu Jan 09 03:28:49 PST 2014	Wed Jan 08 10:41:56 PST 2014	Wed Jan 08 10:48:49 PST 2014	Wed Jan 08 12:30:11 PST 2014					"interesting+hit."	["F87217","DF0101","E4287C","31B404","0404B4"]	["laptop","watch","coffee maker","sweater","headphones"]	"19"	"english"	6.8330833333
56	2TX806UFBNFSB8USVB051W6NIDYG2S	2AAV8ER9Y8TN0AM68UWKOHS2OQP5S1	Friends&quotechar Purchases	Tell us how much you think some friends have spent on different household items.	language research stanford fun	$0.40	Thu Sep 05 05:20:41 PDT 2013	80	0	0	79	Reviewable	NotReviewed	1 speech_act	1200	60000	Sun Jan 12 08:11:09 PST 2014	https://requester.mturk.com/mturk/manageHIT?HITId=2TX806UFBNFSB8USVB051W6NIDYG2S	2YC2JE1M7PKKPDR3MWQAL04LDZDQX1	56	Approved	Thu Jan 09 03:39:16 PST 2014	Wed Jan 08 10:54:51 PST 2014	Wed Jan 08 10:59:16 PST 2014	Wed Jan 08 12:30:11 PST 2014					""	["F87217","31B404","E4287C","DF0101","0404B4"]	["laptop","watch","coffee maker","sweater","headphones"]	"33"	"English"	4.31735
57	2TX806UFBNFSB8USVB051W6NIDYG2S	2AAV8ER9Y8TN0AM68UWKOHS2OQP5S1	Friends&quotechar Purchases	Tell us how much you think some friends have spent on different household items.	language research stanford fun	$0.40	Thu Sep 05 05:20:41 PDT 2013	80	0	0	79	Reviewable	NotReviewed	1 speech_act	1200	60000	Sun Jan 12 08:11:09 PST 2014	https://requester.mturk.com/mturk/manageHIT?HITId=2TX806UFBNFSB8USVB051W6NIDYG2S	2HWJ79KQW6183W61DN3DD5XCSVCLJK	57	Approved	Thu Jan 09 03:56:02 PST 2014	Wed Jan 08 11:10:57 PST 2014	Wed Jan 08 11:16:02 PST 2014	Wed Jan 08 12:30:11 PST 2014					"%3A)+%22interested%22+is+spelled+wrong.++Different+parts+of+the+country+and+different+ages+use+different+words."	["E4287C","F87217","31B404","DF0101","0404B4"]	["laptop","watch","coffee maker","sweater","headphones"]	"55"	"english"	4.4866666667
58	2TX806UFBNFSB8USVB051W6NIDYG2S	2AAV8ER9Y8TN0AM68UWKOHS2OQP5S1	Friends&quotechar Purchases	Tell us how much you think some friends have spent on different household items.	language research stanford fun	$0.40	Thu Sep 05 05:20:41 PDT 2013	80	0	0	79	Reviewable	NotReviewed	1 speech_act	1200	60000	Sun Jan 12 08:11:09 PST 2014	https://requester.mturk.com/mturk/manageHIT?HITId=2TX806UFBNFSB8USVB051W6NIDYG2S	2TVNAB6BFMFF4QYP99KJODGE6EPIVO	58	Approved	Thu Jan 09 03:56:18 PST 2014	Wed Jan 08 11:13:09 PST 2014	Wed Jan 08 11:16:18 PST 2014	Wed Jan 08 12:30:12 PST 2014					"none"	["0404B4","E4287C","31B404","DF0101","F87217"]	["laptop","watch","coffee maker","sweater","headphones"]	"37"	"english"	3.12355
59	2TX806UFBNFSB8USVB051W6NIDYG2S	2AAV8ER9Y8TN0AM68UWKOHS2OQP5S1	Friends&quotechar Purchases	Tell us how much you think some friends have spent on different household items.	language research stanford fun	$0.40	Thu Sep 05 05:20:41 PDT 2013	80	0	0	79	Reviewable	NotReviewed	1 speech_act	1200	60000	Sun Jan 12 08:11:09 PST 2014	https://requester.mturk.com/mturk/manageHIT?HITId=2TX806UFBNFSB8USVB051W6NIDYG2S	2QB2D21O3W5XXSJW5092TYEPZUF9F9	59	Approved	Thu Jan 09 04:15:45 PST 2014	Wed Jan 08 11:29:17 PST 2014	Wed Jan 08 11:35:45 PST 2014	Wed Jan 08 12:30:12 PST 2014					"N%2FA"	["31B404","E4287C","DF0101","0404B4","F87217"]	["laptop","watch","coffee maker","sweater","headphones"]	"21"	"English"	6.3980666667
60	2TX806UFBNFSB8USVB051W6NIDYG2S	2AAV8ER9Y8TN0AM68UWKOHS2OQP5S1	Friends&quotechar Purchases	Tell us how much you think some friends have spent on different household items.	language research stanford fun	$0.40	Thu Sep 05 05:20:41 PDT 2013	80	0	0	79	Reviewable	NotReviewed	1 speech_act	1200	60000	Sun Jan 12 08:11:09 PST 2014	https://requester.mturk.com/mturk/manageHIT?HITId=2TX806UFBNFSB8USVB051W6NIDYG2S	2D5HJHP4BDDKWWYF70O963G3J9RY59	60	Approved	Thu Jan 09 04:35:41 PST 2014	Wed Jan 08 11:52:12 PST 2014	Wed Jan 08 11:55:41 PST 2014	Wed Jan 08 12:30:12 PST 2014					""	["F87217","31B404","0404B4","E4287C","DF0101"]	["laptop","watch","coffee maker","sweater","headphones"]	"31"	"English"	3.4478166667
61	2TX806UFBNFSB8USVB051W6NIDYG2S	2AAV8ER9Y8TN0AM68UWKOHS2OQP5S1	Friends&quotechar Purchases	Tell us how much you think some friends have spent on different household items.	language research stanford fun	$0.40	Thu Sep 05 05:20:41 PDT 2013	80	0	0	79	Reviewable	NotReviewed	1 speech_act	1200	60000	Sun Jan 12 08:11:09 PST 2014	https://requester.mturk.com/mturk/manageHIT?HITId=2TX806UFBNFSB8USVB051W6NIDYG2S	2T12NJKM05BMZLUOE4TG2P9RO9OBGQ	61	Approved	Thu Jan 09 04:41:12 PST 2014	Wed Jan 08 11:55:21 PST 2014	Wed Jan 08 12:01:12 PST 2014	Wed Jan 08 12:30:12 PST 2014					"n%2Fa"	["DF0101","31B404","0404B4","E4287C","F87217"]	["laptop","watch","coffee maker","sweater","headphones"]	"29"	"english"	4.4536166667
62	2TX806UFBNFSB8USVB051W6NIDYG2S	2AAV8ER9Y8TN0AM68UWKOHS2OQP5S1	Friends&quotechar Purchases	Tell us how much you think some friends have spent on different household items.	language research stanford fun	$0.40	Thu Sep 05 05:20:41 PDT 2013	80	0	0	79	Reviewable	NotReviewed	1 speech_act	1200	60000	Sun Jan 12 08:11:09 PST 2014	https://requester.mturk.com/mturk/manageHIT?HITId=2TX806UFBNFSB8USVB051W6NIDYG2S	2HYO33FDEY5C4O0SWZQ3HCRFZE20RP	62	Approved	Thu Jan 09 04:44:56 PST 2014	Wed Jan 08 11:56:47 PST 2014	Wed Jan 08 12:04:56 PST 2014	Wed Jan 08 12:30:12 PST 2014					"Good+survey%2C+thank+you"	["DF0101","F87217","0404B4","E4287C","31B404"]	["laptop","watch","coffee maker","sweater","headphones"]	"57"	"English"	8.0995833333
63	2TX806UFBNFSB8USVB051W6NIDYG2S	2AAV8ER9Y8TN0AM68UWKOHS2OQP5S1	Friends&quotechar Purchases	Tell us how much you think some friends have spent on different household items.	language research stanford fun	$0.40	Thu Sep 05 05:20:41 PDT 2013	80	0	0	79	Reviewable	NotReviewed	1 speech_act	1200	60000	Sun Jan 12 08:11:09 PST 2014	https://requester.mturk.com/mturk/manageHIT?HITId=2TX806UFBNFSB8USVB051W6NIDYG2S	2RNWAVKI62NJ6U1EI709ZH6BYN8JRF	63	Approved	Thu Jan 09 04:47:15 PST 2014	Wed Jan 08 12:02:54 PST 2014	Wed Jan 08 12:07:15 PST 2014	Wed Jan 08 12:30:12 PST 2014					""	["F87217","DF0101","31B404","E4287C","0404B4"]	["laptop","watch","coffee maker","sweater","headphones"]	"48"	"english"	4.3305166667
64	2TX806UFBNFSB8USVB051W6NIDYG2S	2AAV8ER9Y8TN0AM68UWKOHS2OQP5S1	Friends&quotechar Purchases	Tell us how much you think some friends have spent on different household items.	language research stanford fun	$0.40	Thu Sep 05 05:20:41 PDT 2013	80	0	0	79	Reviewable	NotReviewed	1 speech_act	1200	60000	Sun Jan 12 08:11:09 PST 2014	https://requester.mturk.com/mturk/manageHIT?HITId=2TX806UFBNFSB8USVB051W6NIDYG2S	2HUJENLVWJ5O5305BOQ87MWBLGLS05	64	Approved	Thu Jan 09 04:48:48 PST 2014	Wed Jan 08 12:04:30 PST 2014	Wed Jan 08 12:08:48 PST 2014	Wed Jan 08 12:30:12 PST 2014					"no+comments"	["0404B4","DF0101","31B404","E4287C","F87217"]	["laptop","watch","coffee maker","sweater","headphones"]	"66"	"English"	4.2008166667
65	2TX806UFBNFSB8USVB051W6NIDYG2S	2AAV8ER9Y8TN0AM68UWKOHS2OQP5S1	Friends&quotechar Purchases	Tell us how much you think some friends have spent on different household items.	language research stanford fun	$0.40	Thu Sep 05 05:20:41 PDT 2013	80	0	0	79	Reviewable	NotReviewed	1 speech_act	1200	60000	Sun Jan 12 08:11:09 PST 2014	https://requester.mturk.com/mturk/manageHIT?HITId=2TX806UFBNFSB8USVB051W6NIDYG2S	26WZMAZHHRRLVI0V3VMRQ1KH2BACL4	65	Approved	Thu Jan 09 04:54:13 PST 2014	Wed Jan 08 12:09:43 PST 2014	Wed Jan 08 12:14:13 PST 2014	Wed Jan 08 12:30:13 PST 2014					""	["E4287C","0404B4","F87217","DF0101","31B404"]	["laptop","watch","coffee maker","sweater","headphones"]	"18"	"English"	3.7756
66	2TX806UFBNFSB8USVB051W6NIDYG2S	2AAV8ER9Y8TN0AM68UWKOHS2OQP5S1	Friends&quotechar Purchases	Tell us how much you think some friends have spent on different household items.	language research stanford fun	$0.40	Thu Sep 05 05:20:41 PDT 2013	80	0	0	79	Reviewable	NotReviewed	1 speech_act	1200	60000	Sun Jan 12 08:11:09 PST 2014	https://requester.mturk.com/mturk/manageHIT?HITId=2TX806UFBNFSB8USVB051W6NIDYG2S	2LVQ39Z0B6UT4YTBU3JT4RKG3YOXMT	66	Approved	Thu Jan 09 04:56:47 PST 2014	Wed Jan 08 12:09:31 PST 2014	Wed Jan 08 12:16:47 PST 2014	Wed Jan 08 12:30:13 PST 2014					"I+am+just+guessing%2C+but+it+seems+that+this+study+is+about+how+people+perceive+the+usage+of+different+phrases+that+all+have+a+similar+meaning.+Inflection+and+tone+would+be+just+as+important.+Knowing+the+person+and+what+their+meaning+of+expensive+is+would+also+determine+these+numbers.+These+numbers+were+based+on+my+opinion+of+what+expensive+is+to+me."	["DF0101","31B404","E4287C","0404B4","F87217"]	["laptop","watch","coffee maker","sweater","headphones"]	"39"	"English"	7.2356833333
67	2TX806UFBNFSB8USVB051W6NIDYG2S	2AAV8ER9Y8TN0AM68UWKOHS2OQP5S1	Friends&quotechar Purchases	Tell us how much you think some friends have spent on different household items.	language research stanford fun	$0.40	Thu Sep 05 05:20:41 PDT 2013	80	0	0	79	Reviewable	NotReviewed	1 speech_act	1200	60000	Sun Jan 12 08:11:09 PST 2014	https://requester.mturk.com/mturk/manageHIT?HITId=2TX806UFBNFSB8USVB051W6NIDYG2S	2SUKYEPLSP750DMDCRUOJHQE4XEWQL	67	Approved	Thu Jan 09 04:57:52 PST 2014	Wed Jan 08 12:12:37 PST 2014	Wed Jan 08 12:17:52 PST 2014	Wed Jan 08 12:30:13 PST 2014					""	["DF0101","E4287C","F87217","31B404","0404B4"]	["laptop","watch","coffee maker","sweater","headphones"]	"41"	"English"	5.1077333333
68	2TX806UFBNFSB8USVB051W6NIDYG2S	2AAV8ER9Y8TN0AM68UWKOHS2OQP5S1	Friends&quotechar Purchases	Tell us how much you think some friends have spent on different household items.	language research stanford fun	$0.40	Thu Sep 05 05:20:41 PDT 2013	80	0	0	79	Reviewable	NotReviewed	1 speech_act	1200	60000	Sun Jan 12 08:11:09 PST 2014	https://requester.mturk.com/mturk/manageHIT?HITId=2TX806UFBNFSB8USVB051W6NIDYG2S	2NTX3V0FK0CO0UJLHUYPTK9L5Y3GNL	68	Approved	Thu Jan 09 05:01:10 PST 2014	Wed Jan 08 12:14:57 PST 2014	Wed Jan 08 12:21:10 PST 2014	Wed Jan 08 12:30:13 PST 2014					"It+was+easy+and+a+little+fun."	["E4287C","F87217","DF0101","31B404","0404B4"]	["laptop","watch","coffee maker","sweater","headphones"]	"54"	"English"	6.16975
69	2TX806UFBNFSB8USVB051W6NIDYG2S	2AAV8ER9Y8TN0AM68UWKOHS2OQP5S1	Friends&quotechar Purchases	Tell us how much you think some friends have spent on different household items.	language research stanford fun	$0.40	Thu Sep 05 05:20:41 PDT 2013	80	0	0	79	Reviewable	NotReviewed	1 speech_act	1200	60000	Sun Jan 12 08:11:09 PST 2014	https://requester.mturk.com/mturk/manageHIT?HITId=2TX806UFBNFSB8USVB051W6NIDYG2S	2MTPC6SK9RJ8LGZPFM8MJAPM2QN3RO	69	Approved	Thu Jan 09 05:01:12 PST 2014	Wed Jan 08 12:18:06 PST 2014	Wed Jan 08 12:21:12 PST 2014	Wed Jan 08 12:30:13 PST 2014					"It+was+interesting+to+see+my+own+perceptions+of+%22expensive%22+change+based+entirely+on+similar+adjectives+being+used."	["F87217","DF0101","0404B4","31B404","E4287C"]	["laptop","watch","coffee maker","sweater","headphones"]	"45"	"english"	2.9934166667
70	2TX806UFBNFSB8USVB051W6NIDYG2S	2AAV8ER9Y8TN0AM68UWKOHS2OQP5S1	Friends&quotechar Purchases	Tell us how much you think some friends have spent on different household items.	language research stanford fun	$0.40	Thu Sep 05 05:20:41 PDT 2013	80	0	0	79	Reviewable	NotReviewed	1 speech_act	1200	60000	Sun Jan 12 08:11:09 PST 2014	https://requester.mturk.com/mturk/manageHIT?HITId=2TX806UFBNFSB8USVB051W6NIDYG2S	2BC274J79KQWMT8UKELXOCD4JZ8IG6	70	Approved	Thu Jan 09 05:07:43 PST 2014	Wed Jan 08 12:21:27 PST 2014	Wed Jan 08 12:27:43 PST 2014	Wed Jan 08 12:30:13 PST 2014					"Quite+interesting%2C+glad+I+could+take+part+in+it."	["E4287C","F87217","DF0101","0404B4","31B404"]	["laptop","watch","coffee maker","sweater","headphones"]	"20"	"English"	4.9190666667
71	2TX806UFBNFSB8USVB051W6NIDYG2S	2AAV8ER9Y8TN0AM68UWKOHS2OQP5S1	Friends&quotechar Purchases	Tell us how much you think some friends have spent on different household items.	language research stanford fun	$0.40	Thu Sep 05 05:20:41 PDT 2013	80	0	0	79	Reviewable	NotReviewed	1 speech_act	1200	60000	Sun Jan 12 08:11:09 PST 2014	https://requester.mturk.com/mturk/manageHIT?HITId=2TX806UFBNFSB8USVB051W6NIDYG2S	2DFAB6BFMFFOEQI0H1AFMGESQ2NWJV	71	Approved	Thu Jan 09 05:10:58 PST 2014	Wed Jan 08 12:26:38 PST 2014	Wed Jan 08 12:30:58 PST 2014	Wed Jan 08 13:05:49 PST 2014					""	["F87217","0404B4","E4287C","DF0101","31B404"]	["laptop","watch","coffee maker","sweater","headphones"]	"24"	"English"	4.3083666667
72	2TX806UFBNFSB8USVB051W6NIDYG2S	2AAV8ER9Y8TN0AM68UWKOHS2OQP5S1	Friends&quotechar Purchases	Tell us how much you think some friends have spent on different household items.	language research stanford fun	$0.40	Thu Sep 05 05:20:41 PDT 2013	80	0	0	79	Reviewable	NotReviewed	1 speech_act	1200	60000	Sun Jan 12 08:11:09 PST 2014	https://requester.mturk.com/mturk/manageHIT?HITId=2TX806UFBNFSB8USVB051W6NIDYG2S	2EAXKO2L92HESOADDBPOLCF0QR2FEW	72	Approved	Thu Jan 09 05:26:32 PST 2014	Wed Jan 08 12:41:45 PST 2014	Wed Jan 08 12:46:32 PST 2014	Wed Jan 08 13:05:49 PST 2014					"No+comments."	["0404B4","31B404","F87217","E4287C","DF0101"]	["laptop","watch","coffee maker","sweater","headphones"]	"37"	"English"	4.7445666667
73	2TX806UFBNFSB8USVB051W6NIDYG2S	2AAV8ER9Y8TN0AM68UWKOHS2OQP5S1	Friends&quotechar Purchases	Tell us how much you think some friends have spent on different household items.	language research stanford fun	$0.40	Thu Sep 05 05:20:41 PDT 2013	80	0	0	79	Reviewable	NotReviewed	1 speech_act	1200	60000	Sun Jan 12 08:11:09 PST 2014	https://requester.mturk.com/mturk/manageHIT?HITId=2TX806UFBNFSB8USVB051W6NIDYG2S	2GCW4ZMAZHHR7DFXGWEN4RH1YJLJA8	73	Approved	Thu Jan 09 05:28:31 PST 2014	Wed Jan 08 12:44:28 PST 2014	Wed Jan 08 12:48:31 PST 2014	Wed Jan 08 13:05:49 PST 2014					"VERY+interesting+study!+Thank+You!"	["31B404","0404B4","DF0101","F87217","E4287C"]	["laptop","watch","coffee maker","sweater","headphones"]	"32"	"English"	3.9469333333
74	2TX806UFBNFSB8USVB051W6NIDYG2S	2AAV8ER9Y8TN0AM68UWKOHS2OQP5S1	Friends&quotechar Purchases	Tell us how much you think some friends have spent on different household items.	language research stanford fun	$0.40	Thu Sep 05 05:20:41 PDT 2013	80	0	0	79	Reviewable	NotReviewed	1 speech_act	1200	60000	Sun Jan 12 08:11:09 PST 2014	https://requester.mturk.com/mturk/manageHIT?HITId=2TX806UFBNFSB8USVB051W6NIDYG2S	2RJRLFQ0ONNV791RXW0EPRB7KPTSJE	74	Approved	Thu Jan 09 05:36:31 PST 2014	Wed Jan 08 12:50:51 PST 2014	Wed Jan 08 12:56:31 PST 2014	Wed Jan 08 13:05:49 PST 2014					"It+was+interesting.+Some+of+the+words+do+have+the+same+meaning+but+I+felt+differently+about+them+in+the+context.+"	["F87217","E4287C","DF0101","31B404","0404B4"]	["laptop","watch","coffee maker","sweater","headphones"]	"39"	"English"	5.5432833333
75	2TX806UFBNFSB8USVB051W6NIDYG2S	2AAV8ER9Y8TN0AM68UWKOHS2OQP5S1	Friends&quotechar Purchases	Tell us how much you think some friends have spent on different household items.	language research stanford fun	$0.40	Thu Sep 05 05:20:41 PDT 2013	80	0	0	79	Reviewable	NotReviewed	1 speech_act	1200	60000	Sun Jan 12 08:11:09 PST 2014	https://requester.mturk.com/mturk/manageHIT?HITId=2TX806UFBNFSB8USVB051W6NIDYG2S	2Y91XERSQV667DPOY1UH4WAVYK591H	75	Approved	Thu Jan 09 05:44:38 PST 2014	Wed Jan 08 12:55:03 PST 2014	Wed Jan 08 13:04:38 PST 2014	Wed Jan 08 13:37:04 PST 2014					""	["E4287C","31B404","0404B4","F87217","DF0101"]	["laptop","watch","coffee maker","sweater","headphones"]	"69"	"English+"	9.5506833333
76	2TX806UFBNFSB8USVB051W6NIDYG2S	2AAV8ER9Y8TN0AM68UWKOHS2OQP5S1	Friends&quotechar Purchases	Tell us how much you think some friends have spent on different household items.	language research stanford fun	$0.40	Thu Sep 05 05:20:41 PDT 2013	80	0	0	79	Reviewable	NotReviewed	1 speech_act	1200	60000	Sun Jan 12 08:11:09 PST 2014	https://requester.mturk.com/mturk/manageHIT?HITId=2TX806UFBNFSB8USVB051W6NIDYG2S	2O5D2AC9KSSZBPX96CWU3KQOCJN0IR	76	Approved	Thu Jan 09 05:52:26 PST 2014	Wed Jan 08 13:08:50 PST 2014	Wed Jan 08 13:12:26 PST 2014	Wed Jan 08 13:37:04 PST 2014					"no+comments"	["0404B4","E4287C","F87217","DF0101","31B404"]	["laptop","watch","coffee maker","sweater","headphones"]	"36"	"english"	3.55155
77	2TX806UFBNFSB8USVB051W6NIDYG2S	2AAV8ER9Y8TN0AM68UWKOHS2OQP5S1	Friends&quotechar Purchases	Tell us how much you think some friends have spent on different household items.	language research stanford fun	$0.40	Thu Sep 05 05:20:41 PDT 2013	80	0	0	79	Reviewable	NotReviewed	1 speech_act	1200	60000	Sun Jan 12 08:11:09 PST 2014	https://requester.mturk.com/mturk/manageHIT?HITId=2TX806UFBNFSB8USVB051W6NIDYG2S	25GK5UFJ51Y766O6V6HSACST0QEB8D	77	Approved	Thu Jan 09 06:00:26 PST 2014	Wed Jan 08 13:14:14 PST 2014	Wed Jan 08 13:20:26 PST 2014	Wed Jan 08 13:37:05 PST 2014					""	["31B404","F87217","0404B4","E4287C","DF0101"]	["laptop","watch","coffee maker","sweater","headphones"]	"35"	"English"	6.1683166667
78	2TX806UFBNFSB8USVB051W6NIDYG2S	2AAV8ER9Y8TN0AM68UWKOHS2OQP5S1	Friends&quotechar Purchases	Tell us how much you think some friends have spent on different household items.	language research stanford fun	$0.40	Thu Sep 05 05:20:41 PDT 2013	80	0	0	79	Reviewable	NotReviewed	1 speech_act	1200	60000	Sun Jan 12 08:11:09 PST 2014	https://requester.mturk.com/mturk/manageHIT?HITId=2TX806UFBNFSB8USVB051W6NIDYG2S	2ABG5TYMNCWYRW9MP0JSQX11XRNNJ1	78	Approved	Thu Jan 09 06:13:19 PST 2014	Wed Jan 08 13:23:30 PST 2014	Wed Jan 08 13:33:19 PST 2014	Wed Jan 08 13:37:05 PST 2014					"It+might+be+easier+if+the+cursor+loaded+in+the+comment+box+for+entering+the+dollar+amount.+It+was+fun!"	["E4287C","31B404","0404B4","F87217","DF0101"]	["laptop","watch","coffee maker","sweater","headphones"]	"23"	"English"	2.9428333333
79	2TX806UFBNFSB8USVB051W6NIDYG2S	2AAV8ER9Y8TN0AM68UWKOHS2OQP5S1	Friends&quotechar Purchases	Tell us how much you think some friends have spent on different household items.	language research stanford fun	$0.40	Thu Sep 05 05:20:41 PDT 2013	80	0	0	79	Reviewable	NotReviewed	1 speech_act	1200	60000	Sun Jan 12 08:11:09 PST 2014	https://requester.mturk.com/mturk/manageHIT?HITId=2TX806UFBNFSB8USVB051W6NIDYG2S	2RTQ6SVQ8H882IUD1DFB4CI1500O5Y	79	Submitted	Thu Jan 09 06:27:40 PST 2014	Wed Jan 08 13:41:52 PST 2014	Wed Jan 08 13:47:40 PST 2014						""	["DF0101","F87217","0404B4","31B404","E4287C"]	["laptop","watch","coffee maker","sweater","headphones"]	"26"	"English"	5.7670166667